num_layers,num_node1,num_node2,F1,F2,F3,F4,F5,F6,F7,F8,F9,F10,test_acc
2,23,3,1,0,0,0,0,0,0,0,0,0,0.482758611
2,6,6,1,0,0,0,0,0,0,0,0,0,0.551724136
1,20,0,1,0,0,0,0,0,0,0,0,0,0.517241359
1,7,0,1,0,0,0,0,0,0,0,0,0,0.517241359
1,7,0,1,0,0,0,0,0,0,0,0,0,0.517241359
2,3,14,1,0,0,0,0,0,0,0,0,0,0.551724136
1,8,0,1,0,0,0,0,0,0,0,0,0,0.482758611
2,15,3,1,0,0,0,0,0,0,0,0,0,0.448275864
1,9,0,1,0,0,0,0,0,0,0,0,0,0.448275864
2,20,11,1,0,0,0,0,0,0,0,0,0,0.448275864
1,1,0,1,0,0,0,0,0,0,0,0,0,0.586206913
2,6,7,1,0,0,0,0,0,0,0,0,0,0.482758611
1,11,0,1,0,0,0,0,0,0,0,0,0,0.517241359
2,23,12,1,0,0,0,0,0,0,0,0,0,0.551724136
2,9,10,1,0,0,0,0,0,0,0,0,0,0.448275864
1,21,0,1,0,0,0,0,0,0,0,0,0,0.517241359
2,14,12,1,0,0,0,0,0,0,0,0,0,0.551724136
1,2,0,1,0,0,0,0,0,0,0,0,0,0.586206913
1,7,0,1,0,0,0,0,0,0,0,0,0,0.517241359
1,3,0,1,0,0,0,0,0,0,0,0,0,0.551724136
1,18,0,1,0,0,0,0,0,0,0,0,0,0.517241359
1,18,0,1,0,0,0,0,0,0,0,0,0,0.448275864
1,12,0,1,0,0,0,0,0,0,0,0,0,0.551724136
1,12,0,1,0,0,0,0,0,0,0,0,0,0.551724136
1,6,0,1,0,0,0,0,0,0,0,0,0,0.551724136
1,8,0,1,0,0,0,0,0,0,0,0,0,0.517241359
1,13,0,1,0,0,0,0,0,0,0,0,0,0.517241359
2,15,7,1,0,0,0,0,0,0,0,0,0,0.482758611
2,13,4,1,0,0,0,0,0,0,0,0,0,0.448275864
2,11,10,1,0,0,0,0,0,0,0,0,0,0.482758611
2,21,19,1,0,0,0,0,0,0,0,0,0,0.482758611
2,15,22,1,0,0,0,0,0,0,0,0,0,0.551724136
2,7,4,1,0,0,0,0,0,0,0,0,0,0.517241359
1,11,0,1,0,0,0,0,0,0,0,0,0,0.448275864
2,21,17,1,0,0,0,0,0,0,0,0,0,0.517241359
1,20,0,1,0,0,0,0,0,0,0,0,0,0.517241359
2,1,15,1,0,0,0,0,0,0,0,0,0,0.517241359
2,14,11,1,0,0,0,0,0,0,0,0,0,0.448275864
2,9,10,1,0,0,0,0,0,0,0,0,0,0.517241359
2,11,15,1,0,0,0,0,0,0,0,0,0,0.482758611
2,23,6,1,0,0,0,0,0,0,0,0,0,0.448275864
2,23,7,1,0,0,0,0,0,0,0,0,0,0.448275864
2,6,19,1,0,0,0,0,0,0,0,0,0,0.482758611
2,20,14,1,0,0,0,0,0,0,0,0,0,0.448275864
2,23,8,1,0,0,0,0,0,0,0,0,0,0.448275864
2,8,13,1,0,0,0,0,0,0,0,0,0,0.448275864
2,4,14,1,0,0,0,0,0,0,0,0,0,0.482758611
1,9,0,1,0,0,0,0,0,0,0,0,0,0.517241359
1,3,0,1,0,0,0,0,0,0,0,0,0,0.517241359
2,14,8,1,0,0,0,0,0,0,0,0,0,0.482758611
2,2,10,0,1,0,0,0,0,0,0,0,0,0.640980124
2,14,12,0,1,0,0,0,0,0,0,0,0,0.701112688
2,2,12,0,1,0,0,0,0,0,0,0,0,0.634824812
2,2,21,0,1,0,0,0,0,0,0,0,0,0.639678001
1,2,0,0,1,0,0,0,0,0,0,0,0,0.603574812
2,9,5,0,1,0,0,0,0,0,0,0,0,0.678267062
1,5,0,0,1,0,0,0,0,0,0,0,0,0.673413813
2,14,18,0,1,0,0,0,0,0,0,0,0,0.708688438
1,6,0,0,1,0,0,0,0,0,0,0,0,0.670099437
2,9,19,0,1,0,0,0,0,0,0,0,0,0.702178001
2,13,3,0,1,0,0,0,0,0,0,0,0,0.654000938
2,20,4,0,1,0,0,0,0,0,0,0,0,0.689038813
2,23,17,0,1,0,0,0,0,0,0,0,0,0.720288813
2,5,5,0,1,0,0,0,0,0,0,0,0,0.670809686
2,9,14,0,1,0,0,0,0,0,0,0,0,0.690222561
2,22,13,0,1,0,0,0,0,0,0,0,0,0.707741499
2,11,2,0,1,0,0,0,0,0,0,0,0,0.63671875
2,18,15,0,1,0,0,0,0,0,0,0,0,0.705729187
2,21,12,0,1,0,0,0,0,0,0,0,0,0.708096564
1,16,0,0,1,0,0,0,0,0,0,0,0,0.680042624
2,23,10,0,1,0,0,0,0,0,0,0,0,0.702533126
2,13,8,0,1,0,0,0,0,0,0,0,0,0.697916687
2,13,9,0,1,0,0,0,0,0,0,0,0,0.707149625
1,1,0,0,1,0,0,0,0,0,0,0,0,0.516216874
1,2,0,0,1,0,0,0,0,0,0,0,0,0.614701688
1,22,0,0,1,0,0,0,0,0,0,0,0,0.688091874
2,7,17,0,1,0,0,0,0,0,0,0,0,0.681936562
2,10,13,0,1,0,0,0,0,0,0,0,0,0.688683689
1,19,0,0,1,0,0,0,0,0,0,0,0,0.677675188
1,13,0,0,1,0,0,0,0,0,0,0,0,0.671993375
1,1,0,0,1,0,0,0,0,0,0,0,0,0.508522749
2,1,20,0,1,0,0,0,0,0,0,0,0,0.524976313
1,12,0,0,1,0,0,0,0,0,0,0,0,0.678622186
2,10,16,0,1,0,0,0,0,0,0,0,0,0.706084251
1,5,0,0,1,0,0,0,0,0,0,0,0,0.671756625
1,8,0,0,1,0,0,0,0,0,0,0,0,0.674715936
2,16,15,0,1,0,0,0,0,0,0,0,0,0.698508501
2,21,16,0,1,0,0,0,0,0,0,0,0,0.713660061
1,18,0,0,1,0,0,0,0,0,0,0,0,0.681699812
2,5,11,0,1,0,0,0,0,0,0,0,0,0.687618375
2,15,8,0,1,0,0,0,0,0,0,0,0,0.696496189
1,1,0,0,1,0,0,0,0,0,0,0,0,0.509943187
2,4,19,0,1,0,0,0,0,0,0,0,0,0.688802063
2,2,23,0,1,0,0,0,0,0,0,0,0,0.63257575
2,8,15,0,1,0,0,0,0,0,0,0,0,0.678740501
1,17,0,0,1,0,0,0,0,0,0,0,0,0.681699812
1,16,0,0,1,0,0,0,0,0,0,0,0,0.684540749
2,19,14,0,1,0,0,0,0,0,0,0,0,0.714962125
2,2,20,0,1,0,0,0,0,0,0,0,0,0.641690314
1,10,0,0,1,0,0,0,0,0,0,0,0,0.667258501
2,18,7,0,0,1,0,0,0,0,0,0,0,0.970650852
2,21,5,0,0,1,0,0,0,0,0,0,0,0.969719172
2,4,13,0,0,1,0,0,0,0,0,0,0,0.962465048
2,21,23,0,0,1,0,0,0,0,0,0,0,0.969519496
2,22,14,0,0,1,0,0,0,0,0,0,0,0.970318139
2,1,18,0,0,1,0,0,0,0,0,0,0,0.906828165
1,18,0,0,0,1,0,0,0,0,0,0,0,0.967123628
1,21,0,0,0,1,0,0,0,0,0,0,0,0.966857433
2,13,3,0,0,1,0,0,0,0,0,0,0,0.962797821
2,9,13,0,0,1,0,0,0,0,0,0,0,0.968587756
1,4,0,0,0,1,0,0,0,0,0,0,0,0.922201514
2,7,15,0,0,1,0,0,0,0,0,0,0,0.969452977
1,23,0,0,0,1,0,0,0,0,0,0,0,0.966790915
2,8,14,0,0,1,0,0,0,0,0,0,0,0.967389882
1,16,0,0,0,1,0,0,0,0,0,0,0,0.965393305
2,19,18,0,0,1,0,0,0,0,0,0,0,0.969519496
2,2,9,0,0,1,0,0,0,0,0,0,0,0.952415824
1,8,0,0,0,1,0,0,0,0,0,0,0,0.962398529
2,21,6,0,0,1,0,0,0,0,0,0,0,0.968987107
2,9,11,0,0,1,0,0,0,0,0,0,0,0.969719172
1,7,0,0,0,1,0,0,0,0,0,0,0,0.962198853
1,19,0,0,0,1,0,0,0,0,0,0,0,0.965526402
2,23,7,0,0,1,0,0,0,0,0,0,0,0.969053626
1,8,0,0,0,1,0,0,0,0,0,0,0,0.964395046
2,16,13,0,0,1,0,0,0,0,0,0,0,0.968121946
1,8,0,0,0,1,0,0,0,0,0,0,0,0.959869564
1,15,0,0,0,1,0,0,0,0,0,0,0,0.966724336
2,4,15,0,0,1,0,0,0,0,0,0,0,0.967656076
2,10,12,0,0,1,0,0,0,0,0,0,0,0.968987107
1,23,0,0,0,1,0,0,0,0,0,0,0,0.965792596
1,18,0,0,0,1,0,0,0,0,0,0,0,0.965859175
1,21,0,0,0,1,0,0,0,0,0,0,0,0.96605885
1,16,0,0,0,1,0,0,0,0,0,0,0,0.962465048
2,13,12,0,0,1,0,0,0,0,0,0,0,0.969719172
2,6,5,0,0,1,0,0,0,0,0,0,0,0.962797821
1,20,0,0,0,1,0,0,0,0,0,0,0,0.967323303
1,14,0,0,0,1,0,0,0,0,0,0,0,0.962465048
1,20,0,0,0,1,0,0,0,0,0,0,0,0.964994013
2,22,7,0,0,1,0,0,0,0,0,0,0,0.96838814
2,15,4,0,0,1,0,0,0,0,0,0,0,0.965925753
1,12,0,0,0,1,0,0,0,0,0,0,0,0.936909378
2,3,23,0,0,1,0,0,0,0,0,0,0,0.964994013
2,6,22,0,0,1,0,0,0,0,0,0,0,0.96885401
2,16,21,0,0,1,0,0,0,0,0,0,0,0.969053626
1,7,0,0,0,1,0,0,0,0,0,0,0,0.961666465
2,21,20,0,0,1,0,0,0,0,0,0,0,0.970384657
2,1,17,0,0,1,0,0,0,0,0,0,0,0.907094359
1,3,0,0,0,1,0,0,0,0,0,0,0,0.91774255
2,23,2,0,0,1,0,0,0,0,0,0,0,0.95773989
1,23,0,0,0,1,0,0,0,0,0,0,0,0.965859175
1,10,0,0,0,0,1,0,0,0,0,0,0,0.99272728
2,11,20,0,0,0,1,0,0,0,0,0,0,0.99636364
1,20,0,0,0,0,1,0,0,0,0,0,0,1
1,2,0,0,0,0,1,0,0,0,0,0,0,0.985454559
1,23,0,0,0,0,1,0,0,0,0,0,0,1
1,22,0,0,0,0,1,0,0,0,0,0,0,1
1,20,0,0,0,0,1,0,0,0,0,0,0,0.99272728
2,16,9,0,0,0,1,0,0,0,0,0,0,1
1,23,0,0,0,0,1,0,0,0,0,0,0,1
2,7,22,0,0,0,1,0,0,0,0,0,0,1
2,18,9,0,0,0,1,0,0,0,0,0,0,1
1,19,0,0,0,0,1,0,0,0,0,0,0,1
1,2,0,0,0,0,1,0,0,0,0,0,0,0.974545479
2,19,19,0,0,0,1,0,0,0,0,0,0,1
2,2,12,0,0,0,1,0,0,0,0,0,0,0.985454559
1,2,0,0,0,0,1,0,0,0,0,0,0,0.989090919
1,20,0,0,0,0,1,0,0,0,0,0,0,1
2,5,3,0,0,0,1,0,0,0,0,0,0,0.99272728
1,6,0,0,0,0,1,0,0,0,0,0,0,0.99272728
2,10,12,0,0,0,1,0,0,0,0,0,0,1
2,19,20,0,0,0,1,0,0,0,0,0,0,1
1,10,0,0,0,0,1,0,0,0,0,0,0,0.99272728
1,7,0,0,0,0,1,0,0,0,0,0,0,0.989090919
1,18,0,0,0,0,1,0,0,0,0,0,0,0.99272728
2,8,3,0,0,0,1,0,0,0,0,0,0,1
1,6,0,0,0,0,1,0,0,0,0,0,0,0.989090919
1,14,0,0,0,0,1,0,0,0,0,0,0,1
2,18,8,0,0,0,1,0,0,0,0,0,0,1
2,14,5,0,0,0,1,0,0,0,0,0,0,1
2,14,23,0,0,0,1,0,0,0,0,0,0,1
2,5,8,0,0,0,1,0,0,0,0,0,0,1
1,10,0,0,0,0,1,0,0,0,0,0,0,0.99272728
1,19,0,0,0,0,1,0,0,0,0,0,0,0.99272728
1,15,0,0,0,0,1,0,0,0,0,0,0,1
2,6,2,0,0,0,1,0,0,0,0,0,0,1
1,23,0,0,0,0,1,0,0,0,0,0,0,0.99272728
2,22,9,0,0,0,1,0,0,0,0,0,0,1
1,11,0,0,0,0,1,0,0,0,0,0,0,0.99272728
2,1,11,0,0,0,1,0,0,0,0,0,0,0.989090919
2,8,7,0,0,0,1,0,0,0,0,0,0,0.989090919
2,1,5,0,0,0,1,0,0,0,0,0,0,0.989090919
1,1,0,0,0,0,1,0,0,0,0,0,0,0.949090898
1,21,0,0,0,0,1,0,0,0,0,0,0,0.99272728
1,13,0,0,0,0,1,0,0,0,0,0,0,0.99272728
2,20,2,0,0,0,1,0,0,0,0,0,0,1
1,23,0,0,0,0,1,0,0,0,0,0,0,1
2,8,4,0,0,0,1,0,0,0,0,0,0,1
1,13,0,0,0,0,1,0,0,0,0,0,0,0.989090919
1,18,0,0,0,0,1,0,0,0,0,0,0,0.99272728
1,1,0,0,0,0,1,0,0,0,0,0,0,0.989090919
1,19,0,0,0,0,0,1,0,0,0,0,0,0.641311526
2,15,3,0,0,0,0,1,0,0,0,0,0,0.61986202
1,6,0,0,0,0,0,1,0,0,0,0,0,0.54266274
1,14,0,0,0,0,0,1,0,0,0,0,0,0.600113392
2,4,21,0,0,0,0,1,0,0,0,0,0,0.6758008
1,18,0,0,0,0,0,1,0,0,0,0,0,0.687328756
2,13,2,0,0,0,0,1,0,0,0,0,0,0.577530026
1,11,0,0,0,0,0,1,0,0,0,0,0,0.608995557
2,15,16,0,0,0,0,1,0,0,0,0,0,0.708305776
1,23,0,0,0,0,0,1,0,0,0,0,0,0.679485977
1,1,0,0,0,0,0,1,0,0,0,0,0,0.444391936
2,6,22,0,0,0,0,1,0,0,0,0,0,0.706982911
2,22,8,0,0,0,0,1,0,0,0,0,0,0.681942761
2,16,22,0,0,0,0,1,0,0,0,0,0,0.743267477
1,2,0,0,0,0,0,1,0,0,0,0,0,0.468959659
2,4,1,0,0,0,0,1,0,0,0,0,0,0.52433145
1,16,0,0,0,0,0,1,0,0,0,0,0,0.633752227
2,21,5,0,0,0,0,1,0,0,0,0,0,0.630256057
2,17,17,0,0,0,0,1,0,0,0,0,0,0.723235369
2,14,18,0,0,0,0,1,0,0,0,0,0,0.720589638
2,16,22,0,0,0,0,1,0,0,0,0,0,0.684588492
1,3,0,0,0,0,0,1,0,0,0,0,0,0.472644806
2,6,22,0,0,0,0,1,0,0,0,0,0,0.688651621
1,16,0,0,0,0,0,1,0,0,0,0,0,0.618444681
2,8,1,0,0,0,0,1,0,0,0,0,0,0.544552565
1,8,0,0,0,0,0,1,0,0,0,0,0,0.562411427
1,21,0,0,0,0,0,1,0,0,0,0,0,0.683454573
1,15,0,0,0,0,0,1,0,0,0,0,0,0.603420556
2,8,20,0,0,0,0,1,0,0,0,0,0,0.702730775
2,4,9,0,0,0,0,1,0,0,0,0,0,0.58490032
1,20,0,0,0,0,0,1,0,0,0,0,0,0.610223949
1,6,0,0,0,0,0,1,0,0,0,0,0,0.55230087
1,1,0,0,0,0,0,1,0,0,0,0,0,0.439005941
1,8,0,0,0,0,0,1,0,0,0,0,0,0.599357486
2,22,7,0,0,0,0,1,0,0,0,0,0,0.708589256
2,3,20,0,0,0,0,1,0,0,0,0,0,0.58490032
1,1,0,0,0,0,0,1,0,0,0,0,0,0.442691118
1,12,0,0,0,0,0,1,0,0,0,0,0,0.620806932
2,22,17,0,0,0,0,1,0,0,0,0,0,0.731172621
2,11,13,0,0,0,0,1,0,0,0,0,0,0.709156215
1,8,0,0,0,0,0,1,0,0,0,0,0,0.558537304
2,23,14,0,0,0,0,1,0,0,0,0,0,0.718794286
1,8,0,0,0,0,0,1,0,0,0,0,0,0.542473793
1,7,0,0,0,0,0,1,0,0,0,0,0,0.544080138
2,14,2,0,0,0,0,1,0,0,0,0,0,0.574884236
1,7,0,0,0,0,0,1,0,0,0,0,0,0.515921772
2,20,11,0,0,0,0,1,0,0,0,0,0,0.706226945
1,1,0,0,0,0,0,1,0,0,0,0,0,0.443163574
1,10,0,0,0,0,0,1,0,0,0,0,0,0.597656608
1,23,0,0,0,0,0,1,0,0,0,0,0,0.607389212
1,1,0,0,0,0,0,0,1,0,0,0,0,0.800000012
2,10,9,0,0,0,0,0,1,0,0,0,0,0.833333313
1,21,0,0,0,0,0,0,1,0,0,0,0,0.800000012
1,12,0,0,0,0,0,0,1,0,0,0,0,0.793333352
1,8,0,0,0,0,0,0,1,0,0,0,0,0.806666672
1,17,0,0,0,0,0,0,1,0,0,0,0,0.793333352
2,4,21,0,0,0,0,0,1,0,0,0,0,0.806666672
1,1,0,0,0,0,0,0,1,0,0,0,0,0.800000012
1,21,0,0,0,0,0,0,1,0,0,0,0,0.800000012
1,1,0,0,0,0,0,0,1,0,0,0,0,0.793333352
1,23,0,0,0,0,0,0,1,0,0,0,0,0.800000012
1,10,0,0,0,0,0,0,1,0,0,0,0,0.800000012
1,9,0,0,0,0,0,0,1,0,0,0,0,0.800000012
1,3,0,0,0,0,0,0,1,0,0,0,0,0.793333352
1,9,0,0,0,0,0,0,1,0,0,0,0,0.793333352
2,11,6,0,0,0,0,0,1,0,0,0,0,0.826666653
1,16,0,0,0,0,0,0,1,0,0,0,0,0.800000012
2,8,5,0,0,0,0,0,1,0,0,0,0,0.819999993
2,6,12,0,0,0,0,0,1,0,0,0,0,0.826666653
2,4,13,0,0,0,0,0,1,0,0,0,0,0.806666672
2,20,20,0,0,0,0,0,1,0,0,0,0,0.833333313
2,19,19,0,0,0,0,0,1,0,0,0,0,0.819999993
2,17,17,0,0,0,0,0,1,0,0,0,0,0.826666653
2,7,18,0,0,0,0,0,1,0,0,0,0,0.826666653
2,20,10,0,0,0,0,0,1,0,0,0,0,0.819999993
2,15,16,0,0,0,0,0,1,0,0,0,0,0.833333313
1,22,0,0,0,0,0,0,1,0,0,0,0,0.813333333
2,10,4,0,0,0,0,0,1,0,0,0,0,0.819999993
2,12,16,0,0,0,0,0,1,0,0,0,0,0.833333313
2,10,6,0,0,0,0,0,1,0,0,0,0,0.826666653
2,19,13,0,0,0,0,0,1,0,0,0,0,0.826666653
2,19,21,0,0,0,0,0,1,0,0,0,0,0.833333313
2,23,1,0,0,0,0,0,1,0,0,0,0,0.793333352
1,7,0,0,0,0,0,0,1,0,0,0,0,0.793333352
1,14,0,0,0,0,0,0,1,0,0,0,0,0.800000012
2,14,6,0,0,0,0,0,1,0,0,0,0,0.826666653
2,16,14,0,0,0,0,0,1,0,0,0,0,0.826666653
2,11,22,0,0,0,0,0,1,0,0,0,0,0.833333313
1,5,0,0,0,0,0,0,1,0,0,0,0,0.800000012
2,2,4,0,0,0,0,0,1,0,0,0,0,0.826666653
2,17,15,0,0,0,0,0,1,0,0,0,0,0.819999993
2,17,2,0,0,0,0,0,1,0,0,0,0,0.826666653
1,19,0,0,0,0,0,0,1,0,0,0,0,0.786666691
1,12,0,0,0,0,0,0,1,0,0,0,0,0.819999993
1,19,0,0,0,0,0,0,1,0,0,0,0,0.806666672
2,8,18,0,0,0,0,0,1,0,0,0,0,0.806666672
2,12,13,0,0,0,0,0,1,0,0,0,0,0.826666653
2,4,23,0,0,0,0,0,1,0,0,0,0,0.819999993
1,15,0,0,0,0,0,0,1,0,0,0,0,0.800000012
1,8,0,0,0,0,0,0,1,0,0,0,0,0.800000012
2,3,22,0,0,0,0,0,0,1,0,0,0,0.6875
2,9,2,0,0,0,0,0,0,1,0,0,0,0.6875
2,17,6,0,0,0,0,0,0,1,0,0,0,0.6875
2,15,23,0,0,0,0,0,0,1,0,0,0,0.625
1,13,0,0,0,0,0,0,0,1,0,0,0,0.5625
2,9,5,0,0,0,0,0,0,1,0,0,0,0.625
1,1,0,0,0,0,0,0,0,1,0,0,0,0.5625
1,19,0,0,0,0,0,0,0,1,0,0,0,0.6875
1,15,0,0,0,0,0,0,0,1,0,0,0,0.625
1,2,0,0,0,0,0,0,0,1,0,0,0,0.625
1,1,0,0,0,0,0,0,0,1,0,0,0,0.625
2,8,13,0,0,0,0,0,0,1,0,0,0,0.6875
1,11,0,0,0,0,0,0,0,1,0,0,0,0.75
2,4,15,0,0,0,0,0,0,1,0,0,0,0.6875
1,7,0,0,0,0,0,0,0,1,0,0,0,0.5625
1,10,0,0,0,0,0,0,0,1,0,0,0,0.6875
2,10,5,0,0,0,0,0,0,1,0,0,0,0.6875
2,4,6,0,0,0,0,0,0,1,0,0,0,0.5625
1,18,0,0,0,0,0,0,0,1,0,0,0,0.6875
1,18,0,0,0,0,0,0,0,1,0,0,0,0.625
2,4,15,0,0,0,0,0,0,1,0,0,0,0.5
2,1,14,0,0,0,0,0,0,1,0,0,0,0.5
1,7,0,0,0,0,0,0,0,1,0,0,0,0.625
1,14,0,0,0,0,0,0,0,1,0,0,0,0.625
1,16,0,0,0,0,0,0,0,1,0,0,0,0.625
1,4,0,0,0,0,0,0,0,1,0,0,0,0.6875
2,3,11,0,0,0,0,0,0,1,0,0,0,0.6875
2,10,19,0,0,0,0,0,0,1,0,0,0,0.625
1,11,0,0,0,0,0,0,0,1,0,0,0,0.625
1,19,0,0,0,0,0,0,0,1,0,0,0,0.6875
2,17,17,0,0,0,0,0,0,1,0,0,0,0.625
1,23,0,0,0,0,0,0,0,1,0,0,0,0.75
2,7,16,0,0,0,0,0,0,1,0,0,0,0.6875
2,13,8,0,0,0,0,0,0,1,0,0,0,0.625
1,11,0,0,0,0,0,0,0,1,0,0,0,0.5625
2,20,10,0,0,0,0,0,0,1,0,0,0,0.6875
1,17,0,0,0,0,0,0,0,1,0,0,0,0.6875
2,17,10,0,0,0,0,0,0,1,0,0,0,0.625
2,18,1,0,0,0,0,0,0,1,0,0,0,0.5625
1,19,0,0,0,0,0,0,0,1,0,0,0,0.6875
2,8,2,0,0,0,0,0,0,1,0,0,0,0.5625
1,9,0,0,0,0,0,0,0,1,0,0,0,0.5625
1,2,0,0,0,0,0,0,0,1,0,0,0,0.5625
2,11,2,0,0,0,0,0,0,1,0,0,0,0.5
1,2,0,0,0,0,0,0,0,1,0,0,0,0.625
2,20,10,0,0,0,0,0,0,1,0,0,0,0.625
1,23,0,0,0,0,0,0,0,1,0,0,0,0.6875
1,5,0,0,0,0,0,0,0,1,0,0,0,0.6875
1,10,0,0,0,0,0,0,0,1,0,0,0,0.5625
1,17,0,0,0,0,0,0,0,1,0,0,0,0.625
1,10,0,0,0,0,0,0,0,0,1,0,0,0.165222645
2,3,18,0,0,0,0,0,0,0,1,0,0,0.695847511
1,12,0,0,0,0,0,0,0,0,1,0,0,0.485481262
2,9,11,0,0,0,0,0,0,0,1,0,0,0.54317093
2,22,19,0,0,0,0,0,0,0,1,0,0,0.55944061
2,23,14,0,0,0,0,0,0,0,1,0,0,0.33716297
1,11,0,0,0,0,0,0,0,0,1,0,0,0.878880024
2,1,16,0,0,0,0,0,0,0,1,0,0,0.911401749
2,8,1,0,0,0,0,0,0,0,1,0,0,0.15049458
1,9,0,0,0,0,0,0,0,0,1,0,0,0.348218441
2,12,8,0,0,0,0,0,0,0,1,0,0,0.49378586
1,22,0,0,0,0,0,0,0,0,1,0,0,0.892549515
2,6,6,0,0,0,0,0,0,0,1,0,0,0.61765289
1,4,0,0,0,0,0,0,0,0,1,0,0,0.48974371
1,3,0,0,0,0,0,0,0,0,1,0,0,0.880958319
2,11,4,0,0,0,0,0,0,0,1,0,0,0.662370682
2,7,11,0,0,0,0,0,0,0,1,0,0,0.270571709
1,21,0,0,0,0,0,0,0,0,1,0,0,0.633313179
2,2,16,0,0,0,0,0,0,0,1,0,0,0.38636112
2,14,10,0,0,0,0,0,0,0,1,0,0,0.51340103
1,21,0,0,0,0,0,0,0,0,1,0,0,0.476805687
1,12,0,0,0,0,0,0,0,0,1,0,0,0.687681675
2,2,22,0,0,0,0,0,0,0,1,0,0,0.48239899
1,7,0,0,0,0,0,0,0,0,1,0,0,0.022927761
1,10,0,0,0,0,0,0,0,0,1,0,0,0.556894779
1,10,0,0,0,0,0,0,0,0,1,0,0,0.779718399
2,21,14,0,0,0,0,0,0,0,1,0,0,0.39303207
2,9,16,0,0,0,0,0,0,0,1,0,0,0.0552187
2,2,16,0,0,0,0,0,0,0,1,0,0,0.337298393
2,2,12,0,0,0,0,0,0,0,1,0,0,0.913627148
2,19,18,0,0,0,0,0,0,0,1,0,0,0.5756321
2,3,20,0,0,0,0,0,0,0,1,0,0,0.42106247
1,17,0,0,0,0,0,0,0,0,1,0,0,0.577750206
1,1,0,0,0,0,0,0,0,0,1,0,0,0.521239519
1,21,0,0,0,0,0,0,0,0,1,0,0,0.994630337
1,16,0,0,0,0,0,0,0,0,1,0,0,0.920209885
1,6,0,0,0,0,0,0,0,0,1,0,0,0.10324049
1,12,0,0,0,0,0,0,0,0,1,0,0,0.05556345
1,21,0,0,0,0,0,0,0,0,1,0,0,0.962004662
1,14,0,0,0,0,0,0,0,0,1,0,0,0.476254463
1,6,0,0,0,0,0,0,0,0,1,0,0,0.806248665
1,17,0,0,0,0,0,0,0,0,1,0,0,0.865446091
1,11,0,0,0,0,0,0,0,0,1,0,0,0.653074741
1,13,0,0,0,0,0,0,0,0,1,0,0,0.909118176
1,11,0,0,0,0,0,0,0,0,1,0,0,0.014102936
1,11,0,0,0,0,0,0,0,0,1,0,0,0.552354336
1,11,0,0,0,0,0,0,0,0,1,0,0,0.477674007
2,14,12,0,0,0,0,0,0,0,1,0,0,0.45039558
1,11,0,0,0,0,0,0,0,0,1,0,0,0.142960072
1,11,0,0,0,0,0,0,0,0,1,0,0,0.777941227
1,20,0,0,0,0,0,0,0,0,0,1,0,0.944444418
2,4,22,0,0,0,0,0,0,0,0,1,0,0.888888896
1,4,0,0,0,0,0,0,0,0,0,1,0,0.777777791
1,16,0,0,0,0,0,0,0,0,0,1,0,0.833333313
2,12,3,0,0,0,0,0,0,0,0,1,0,0.833333313
1,20,0,0,0,0,0,0,0,0,0,1,0,0.833333313
2,17,18,0,0,0,0,0,0,0,0,1,0,0.888888896
1,1,0,0,0,0,0,0,0,0,0,1,0,0.722222209
2,11,7,0,0,0,0,0,0,0,0,1,0,0.888888896
1,8,0,0,0,0,0,0,0,0,0,1,0,0.833333313
2,16,15,0,0,0,0,0,0,0,0,1,0,0.888888896
2,13,18,0,0,0,0,0,0,0,0,1,0,0.888888896
1,12,0,0,0,0,0,0,0,0,0,1,0,0.833333313
1,17,0,0,0,0,0,0,0,0,0,1,0,0.777777791
2,9,3,0,0,0,0,0,0,0,0,1,0,0.888888896
2,22,9,0,0,0,0,0,0,0,0,1,0,0.888888896
1,15,0,0,0,0,0,0,0,0,0,1,0,0.833333313
2,1,3,0,0,0,0,0,0,0,0,1,0,0.722222209
1,14,0,0,0,0,0,0,0,0,0,1,0,0.833333313
2,22,1,0,0,0,0,0,0,0,0,1,0,0.888888896
1,7,0,0,0,0,0,0,0,0,0,1,0,0.777777791
1,21,0,0,0,0,0,0,0,0,0,1,0,0.833333313
2,9,23,0,0,0,0,0,0,0,0,1,0,0.833333313
1,2,0,0,0,0,0,0,0,0,0,1,0,0.722222209
1,19,0,0,0,0,0,0,0,0,0,1,0,0.833333313
1,12,0,0,0,0,0,0,0,0,0,1,0,0.888888896
2,20,23,0,0,0,0,0,0,0,0,1,0,0.888888896
2,10,18,0,0,0,0,0,0,0,0,1,0,0.888888896
1,15,0,0,0,0,0,0,0,0,0,1,0,0.833333313
1,20,0,0,0,0,0,0,0,0,0,1,0,0.888888896
1,18,0,0,0,0,0,0,0,0,0,1,0,0.833333313
1,13,0,0,0,0,0,0,0,0,0,1,0,0.833333313
1,16,0,0,0,0,0,0,0,0,0,1,0,0.833333313
2,10,4,0,0,0,0,0,0,0,0,1,0,0.944444418
1,10,0,0,0,0,0,0,0,0,0,1,0,0.833333313
2,1,23,0,0,0,0,0,0,0,0,1,0,0.777777791
2,8,7,0,0,0,0,0,0,0,0,1,0,0.944444418
1,18,0,0,0,0,0,0,0,0,0,1,0,0.944444418
2,14,4,0,0,0,0,0,0,0,0,1,0,0.944444418
2,1,6,0,0,0,0,0,0,0,0,1,0,0.777777791
1,18,0,0,0,0,0,0,0,0,0,1,0,0.888888896
2,21,19,0,0,0,0,0,0,0,0,1,0,0.888888896
1,14,0,0,0,0,0,0,0,0,0,1,0,0.833333313
1,13,0,0,0,0,0,0,0,0,0,1,0,0.833333313
2,9,2,0,0,0,0,0,0,0,0,1,0,0.888888896
2,13,7,0,0,0,0,0,0,0,0,1,0,0.833333313
2,3,10,0,0,0,0,0,0,0,0,1,0,0.944444418
2,11,12,0,0,0,0,0,0,0,0,1,0,0.888888896
1,7,0,0,0,0,0,0,0,0,0,1,0,0.777777791
1,8,0,0,0,0,0,0,0,0,0,1,0,0.777777791
2,7,18,0,0,0,0,0,0,0,0,0,1,0.764705896
2,20,15,0,0,0,0,0,0,0,0,0,1,0.823529422
1,18,0,0,0,0,0,0,0,0,0,0,1,0.735294104
2,9,5,0,0,0,0,0,0,0,0,0,1,0.735294104
2,15,13,0,0,0,0,0,0,0,0,0,1,0.79411763
2,19,11,0,0,0,0,0,0,0,0,0,1,0.79411763
1,5,0,0,0,0,0,0,0,0,0,0,1,0.647058845
2,3,13,0,0,0,0,0,0,0,0,0,1,0.720588207
2,2,9,0,0,0,0,0,0,0,0,0,1,0.485294104
1,22,0,0,0,0,0,0,0,0,0,0,1,0.808823526
2,16,15,0,0,0,0,0,0,0,0,0,1,0.79411763
2,18,23,0,0,0,0,0,0,0,0,0,1,0.808823526
1,10,0,0,0,0,0,0,0,0,0,0,1,0.661764681
2,3,4,0,0,0,0,0,0,0,0,0,1,0.485294104
1,19,0,0,0,0,0,0,0,0,0,0,1,0.764705896
1,19,0,0,0,0,0,0,0,0,0,0,1,0.735294104
2,16,3,0,0,0,0,0,0,0,0,0,1,0.70588237
1,21,0,0,0,0,0,0,0,0,0,0,1,0.75
1,9,0,0,0,0,0,0,0,0,0,0,1,0.691176474
2,11,19,0,0,0,0,0,0,0,0,0,1,0.808823526
1,5,0,0,0,0,0,0,0,0,0,0,1,0.602941155
1,5,0,0,0,0,0,0,0,0,0,0,1,0.647058845
1,16,0,0,0,0,0,0,0,0,0,0,1,0.764705896
1,2,0,0,0,0,0,0,0,0,0,0,1,0.514705896
1,1,0,0,0,0,0,0,0,0,0,0,1,0.294117659
2,11,18,0,0,0,0,0,0,0,0,0,1,0.823529422
1,4,0,0,0,0,0,0,0,0,0,0,1,0.485294104
1,9,0,0,0,0,0,0,0,0,0,0,1,0.632352948
1,4,0,0,0,0,0,0,0,0,0,0,1,0.676470578
1,19,0,0,0,0,0,0,0,0,0,0,1,0.79411763
1,7,0,0,0,0,0,0,0,0,0,0,1,0.661764681
2,22,4,0,0,0,0,0,0,0,0,0,1,0.70588237
2,2,7,0,0,0,0,0,0,0,0,0,1,0.5
2,20,11,0,0,0,0,0,0,0,0,0,1,0.79411763
1,22,0,0,0,0,0,0,0,0,0,0,1,0.75
2,10,3,0,0,0,0,0,0,0,0,0,1,0.647058845
2,21,1,0,0,0,0,0,0,0,0,0,1,0.352941185
2,15,22,0,0,0,0,0,0,0,0,0,1,0.808823526
1,16,0,0,0,0,0,0,0,0,0,0,1,0.70588237
1,23,0,0,0,0,0,0,0,0,0,0,1,0.808823526
2,10,11,0,0,0,0,0,0,0,0,0,1,0.779411793
1,7,0,0,0,0,0,0,0,0,0,0,1,0.632352948
2,15,15,0,0,0,0,0,0,0,0,0,1,0.808823526
1,16,0,0,0,0,0,0,0,0,0,0,1,0.691176474
2,12,2,0,0,0,0,0,0,0,0,0,1,0.691176474
1,23,0,0,0,0,0,0,0,0,0,0,1,0.79411763
1,13,0,0,0,0,0,0,0,0,0,0,1,0.691176474
1,18,0,0,0,0,0,0,0,0,0,0,1,0.735294104
2,1,17,0,0,0,0,0,0,0,0,0,1,0.602941155
2,3,17,0,0,0,0,0,0,0,0,0,1,0.661764681
