,emb_x,emb_y
0,-20.0,-20.0
1,-20.0,-18.974358974358974
2,-20.0,-17.94871794871795
3,-20.0,-16.923076923076923
4,-20.0,-15.897435897435898
5,-20.0,-14.871794871794872
6,-20.0,-13.846153846153847
7,-20.0,-12.820512820512821
8,-20.0,-11.794871794871796
9,-20.0,-10.76923076923077
10,-20.0,-9.743589743589745
11,-20.0,-8.717948717948719
12,-20.0,-7.692307692307693
13,-20.0,-6.666666666666668
14,-20.0,-5.641025641025642
15,-20.0,-4.615384615384617
16,-20.0,-3.589743589743591
17,-20.0,-2.5641025641025657
18,-20.0,-1.53846153846154
19,-20.0,-0.5128205128205146
20,-20.0,0.512820512820511
21,-20.0,1.5384615384615365
22,-20.0,2.564102564102562
23,-20.0,3.5897435897435876
24,-20.0,4.615384615384613
25,-20.0,5.641025641025639
26,-20.0,6.666666666666664
27,-20.0,7.69230769230769
28,-20.0,8.717948717948715
29,-20.0,9.743589743589741
30,-20.0,10.769230769230766
31,-20.0,11.794871794871792
32,-20.0,12.820512820512818
33,-20.0,13.84615384615384
34,-20.0,14.871794871794869
35,-20.0,15.897435897435898
36,-20.0,16.92307692307692
37,-20.0,17.948717948717942
38,-20.0,18.97435897435897
39,-20.0,20.0
40,-18.974358974358974,-20.0
41,-18.974358974358974,-18.974358974358974
42,-18.974358974358974,-17.94871794871795
43,-18.974358974358974,-16.923076923076923
44,-18.974358974358974,-15.897435897435898
45,-18.974358974358974,-14.871794871794872
46,-18.974358974358974,-13.846153846153847
47,-18.974358974358974,-12.820512820512821
48,-18.974358974358974,-11.794871794871796
49,-18.974358974358974,-10.76923076923077
50,-18.974358974358974,-9.743589743589745
51,-18.974358974358974,-8.717948717948719
52,-18.974358974358974,-7.692307692307693
53,-18.974358974358974,-6.666666666666668
54,-18.974358974358974,-5.641025641025642
55,-18.974358974358974,-4.615384615384617
56,-18.974358974358974,-3.589743589743591
57,-18.974358974358974,-2.5641025641025657
58,-18.974358974358974,-1.53846153846154
59,-18.974358974358974,-0.5128205128205146
60,-18.974358974358974,0.512820512820511
61,-18.974358974358974,1.5384615384615365
62,-18.974358974358974,2.564102564102562
63,-18.974358974358974,3.5897435897435876
64,-18.974358974358974,4.615384615384613
65,-18.974358974358974,5.641025641025639
66,-18.974358974358974,6.666666666666664
67,-18.974358974358974,7.69230769230769
68,-18.974358974358974,8.717948717948715
69,-18.974358974358974,9.743589743589741
70,-18.974358974358974,10.769230769230766
71,-18.974358974358974,11.794871794871792
72,-18.974358974358974,12.820512820512818
73,-18.974358974358974,13.84615384615384
74,-18.974358974358974,14.871794871794869
75,-18.974358974358974,15.897435897435898
76,-18.974358974358974,16.92307692307692
77,-18.974358974358974,17.948717948717942
78,-18.974358974358974,18.97435897435897
79,-18.974358974358974,20.0
80,-17.94871794871795,-20.0
81,-17.94871794871795,-18.974358974358974
82,-17.94871794871795,-17.94871794871795
83,-17.94871794871795,-16.923076923076923
84,-17.94871794871795,-15.897435897435898
85,-17.94871794871795,-14.871794871794872
86,-17.94871794871795,-13.846153846153847
87,-17.94871794871795,-12.820512820512821
88,-17.94871794871795,-11.794871794871796
89,-17.94871794871795,-10.76923076923077
90,-17.94871794871795,-9.743589743589745
91,-17.94871794871795,-8.717948717948719
92,-17.94871794871795,-7.692307692307693
93,-17.94871794871795,-6.666666666666668
94,-17.94871794871795,-5.641025641025642
95,-17.94871794871795,-4.615384615384617
96,-17.94871794871795,-3.589743589743591
97,-17.94871794871795,-2.5641025641025657
98,-17.94871794871795,-1.53846153846154
99,-17.94871794871795,-0.5128205128205146
100,-17.94871794871795,0.512820512820511
101,-17.94871794871795,1.5384615384615365
102,-17.94871794871795,2.564102564102562
103,-17.94871794871795,3.5897435897435876
104,-17.94871794871795,4.615384615384613
105,-17.94871794871795,5.641025641025639
106,-17.94871794871795,6.666666666666664
107,-17.94871794871795,7.69230769230769
108,-17.94871794871795,8.717948717948715
109,-17.94871794871795,9.743589743589741
110,-17.94871794871795,10.769230769230766
111,-17.94871794871795,11.794871794871792
112,-17.94871794871795,12.820512820512818
113,-17.94871794871795,13.84615384615384
114,-17.94871794871795,14.871794871794869
115,-17.94871794871795,15.897435897435898
116,-17.94871794871795,16.92307692307692
117,-17.94871794871795,17.948717948717942
118,-17.94871794871795,18.97435897435897
119,-17.94871794871795,20.0
120,-16.923076923076923,-20.0
121,-16.923076923076923,-18.974358974358974
122,-16.923076923076923,-17.94871794871795
123,-16.923076923076923,-16.923076923076923
124,-16.923076923076923,-15.897435897435898
125,-16.923076923076923,-14.871794871794872
126,-16.923076923076923,-13.846153846153847
127,-16.923076923076923,-12.820512820512821
128,-16.923076923076923,-11.794871794871796
129,-16.923076923076923,-10.76923076923077
130,-16.923076923076923,-9.743589743589745
131,-16.923076923076923,-8.717948717948719
132,-16.923076923076923,-7.692307692307693
133,-16.923076923076923,-6.666666666666668
134,-16.923076923076923,-5.641025641025642
135,-16.923076923076923,-4.615384615384617
136,-16.923076923076923,-3.589743589743591
137,-16.923076923076923,-2.5641025641025657
138,-16.923076923076923,-1.53846153846154
139,-16.923076923076923,-0.5128205128205146
140,-16.923076923076923,0.512820512820511
141,-16.923076923076923,1.5384615384615365
142,-16.923076923076923,2.564102564102562
143,-16.923076923076923,3.5897435897435876
144,-16.923076923076923,4.615384615384613
145,-16.923076923076923,5.641025641025639
146,-16.923076923076923,6.666666666666664
147,-16.923076923076923,7.69230769230769
148,-16.923076923076923,8.717948717948715
149,-16.923076923076923,9.743589743589741
150,-16.923076923076923,10.769230769230766
151,-16.923076923076923,11.794871794871792
152,-16.923076923076923,12.820512820512818
153,-16.923076923076923,13.84615384615384
154,-16.923076923076923,14.871794871794869
155,-16.923076923076923,15.897435897435898
156,-16.923076923076923,16.92307692307692
157,-16.923076923076923,17.948717948717942
158,-16.923076923076923,18.97435897435897
159,-16.923076923076923,20.0
160,-15.897435897435898,-20.0
161,-15.897435897435898,-18.974358974358974
162,-15.897435897435898,-17.94871794871795
163,-15.897435897435898,-16.923076923076923
164,-15.897435897435898,-15.897435897435898
165,-15.897435897435898,-14.871794871794872
166,-15.897435897435898,-13.846153846153847
167,-15.897435897435898,-12.820512820512821
168,-15.897435897435898,-11.794871794871796
169,-15.897435897435898,-10.76923076923077
170,-15.897435897435898,-9.743589743589745
171,-15.897435897435898,-8.717948717948719
172,-15.897435897435898,-7.692307692307693
173,-15.897435897435898,-6.666666666666668
174,-15.897435897435898,-5.641025641025642
175,-15.897435897435898,-4.615384615384617
176,-15.897435897435898,-3.589743589743591
177,-15.897435897435898,-2.5641025641025657
178,-15.897435897435898,-1.53846153846154
179,-15.897435897435898,-0.5128205128205146
180,-15.897435897435898,0.512820512820511
181,-15.897435897435898,1.5384615384615365
182,-15.897435897435898,2.564102564102562
183,-15.897435897435898,3.5897435897435876
184,-15.897435897435898,4.615384615384613
185,-15.897435897435898,5.641025641025639
186,-15.897435897435898,6.666666666666664
187,-15.897435897435898,7.69230769230769
188,-15.897435897435898,8.717948717948715
189,-15.897435897435898,9.743589743589741
190,-15.897435897435898,10.769230769230766
191,-15.897435897435898,11.794871794871792
192,-15.897435897435898,12.820512820512818
193,-15.897435897435898,13.84615384615384
194,-15.897435897435898,14.871794871794869
195,-15.897435897435898,15.897435897435898
196,-15.897435897435898,16.92307692307692
197,-15.897435897435898,17.948717948717942
198,-15.897435897435898,18.97435897435897
199,-15.897435897435898,20.0
200,-14.871794871794872,-20.0
201,-14.871794871794872,-18.974358974358974
202,-14.871794871794872,-17.94871794871795
203,-14.871794871794872,-16.923076923076923
204,-14.871794871794872,-15.897435897435898
205,-14.871794871794872,-14.871794871794872
206,-14.871794871794872,-13.846153846153847
207,-14.871794871794872,-12.820512820512821
208,-14.871794871794872,-11.794871794871796
209,-14.871794871794872,-10.76923076923077
210,-14.871794871794872,-9.743589743589745
211,-14.871794871794872,-8.717948717948719
212,-14.871794871794872,-7.692307692307693
213,-14.871794871794872,-6.666666666666668
214,-14.871794871794872,-5.641025641025642
215,-14.871794871794872,-4.615384615384617
216,-14.871794871794872,-3.589743589743591
217,-14.871794871794872,-2.5641025641025657
218,-14.871794871794872,-1.53846153846154
219,-14.871794871794872,-0.5128205128205146
220,-14.871794871794872,0.512820512820511
221,-14.871794871794872,1.5384615384615365
222,-14.871794871794872,2.564102564102562
223,-14.871794871794872,3.5897435897435876
224,-14.871794871794872,4.615384615384613
225,-14.871794871794872,5.641025641025639
226,-14.871794871794872,6.666666666666664
227,-14.871794871794872,7.69230769230769
228,-14.871794871794872,8.717948717948715
229,-14.871794871794872,9.743589743589741
230,-14.871794871794872,10.769230769230766
231,-14.871794871794872,11.794871794871792
232,-14.871794871794872,12.820512820512818
233,-14.871794871794872,13.84615384615384
234,-14.871794871794872,14.871794871794869
235,-14.871794871794872,15.897435897435898
236,-14.871794871794872,16.92307692307692
237,-14.871794871794872,17.948717948717942
238,-14.871794871794872,18.97435897435897
239,-14.871794871794872,20.0
240,-13.846153846153847,-20.0
241,-13.846153846153847,-18.974358974358974
242,-13.846153846153847,-17.94871794871795
243,-13.846153846153847,-16.923076923076923
244,-13.846153846153847,-15.897435897435898
245,-13.846153846153847,-14.871794871794872
246,-13.846153846153847,-13.846153846153847
247,-13.846153846153847,-12.820512820512821
248,-13.846153846153847,-11.794871794871796
249,-13.846153846153847,-10.76923076923077
250,-13.846153846153847,-9.743589743589745
251,-13.846153846153847,-8.717948717948719
252,-13.846153846153847,-7.692307692307693
253,-13.846153846153847,-6.666666666666668
254,-13.846153846153847,-5.641025641025642
255,-13.846153846153847,-4.615384615384617
256,-13.846153846153847,-3.589743589743591
257,-13.846153846153847,-2.5641025641025657
258,-13.846153846153847,-1.53846153846154
259,-13.846153846153847,-0.5128205128205146
260,-13.846153846153847,0.512820512820511
261,-13.846153846153847,1.5384615384615365
262,-13.846153846153847,2.564102564102562
263,-13.846153846153847,3.5897435897435876
264,-13.846153846153847,4.615384615384613
265,-13.846153846153847,5.641025641025639
266,-13.846153846153847,6.666666666666664
267,-13.846153846153847,7.69230769230769
268,-13.846153846153847,8.717948717948715
269,-13.846153846153847,9.743589743589741
270,-13.846153846153847,10.769230769230766
271,-13.846153846153847,11.794871794871792
272,-13.846153846153847,12.820512820512818
273,-13.846153846153847,13.84615384615384
274,-13.846153846153847,14.871794871794869
275,-13.846153846153847,15.897435897435898
276,-13.846153846153847,16.92307692307692
277,-13.846153846153847,17.948717948717942
278,-13.846153846153847,18.97435897435897
279,-13.846153846153847,20.0
280,-12.820512820512821,-20.0
281,-12.820512820512821,-18.974358974358974
282,-12.820512820512821,-17.94871794871795
283,-12.820512820512821,-16.923076923076923
284,-12.820512820512821,-15.897435897435898
285,-12.820512820512821,-14.871794871794872
286,-12.820512820512821,-13.846153846153847
287,-12.820512820512821,-12.820512820512821
288,-12.820512820512821,-11.794871794871796
289,-12.820512820512821,-10.76923076923077
290,-12.820512820512821,-9.743589743589745
291,-12.820512820512821,-8.717948717948719
292,-12.820512820512821,-7.692307692307693
293,-12.820512820512821,-6.666666666666668
294,-12.820512820512821,-5.641025641025642
295,-12.820512820512821,-4.615384615384617
296,-12.820512820512821,-3.589743589743591
297,-12.820512820512821,-2.5641025641025657
298,-12.820512820512821,-1.53846153846154
299,-12.820512820512821,-0.5128205128205146
300,-12.820512820512821,0.512820512820511
301,-12.820512820512821,1.5384615384615365
302,-12.820512820512821,2.564102564102562
303,-12.820512820512821,3.5897435897435876
304,-12.820512820512821,4.615384615384613
305,-12.820512820512821,5.641025641025639
306,-12.820512820512821,6.666666666666664
307,-12.820512820512821,7.69230769230769
308,-12.820512820512821,8.717948717948715
309,-12.820512820512821,9.743589743589741
310,-12.820512820512821,10.769230769230766
311,-12.820512820512821,11.794871794871792
312,-12.820512820512821,12.820512820512818
313,-12.820512820512821,13.84615384615384
314,-12.820512820512821,14.871794871794869
315,-12.820512820512821,15.897435897435898
316,-12.820512820512821,16.92307692307692
317,-12.820512820512821,17.948717948717942
318,-12.820512820512821,18.97435897435897
319,-12.820512820512821,20.0
320,-11.794871794871796,-20.0
321,-11.794871794871796,-18.974358974358974
322,-11.794871794871796,-17.94871794871795
323,-11.794871794871796,-16.923076923076923
324,-11.794871794871796,-15.897435897435898
325,-11.794871794871796,-14.871794871794872
326,-11.794871794871796,-13.846153846153847
327,-11.794871794871796,-12.820512820512821
328,-11.794871794871796,-11.794871794871796
329,-11.794871794871796,-10.76923076923077
330,-11.794871794871796,-9.743589743589745
331,-11.794871794871796,-8.717948717948719
332,-11.794871794871796,-7.692307692307693
333,-11.794871794871796,-6.666666666666668
334,-11.794871794871796,-5.641025641025642
335,-11.794871794871796,-4.615384615384617
336,-11.794871794871796,-3.589743589743591
337,-11.794871794871796,-2.5641025641025657
338,-11.794871794871796,-1.53846153846154
339,-11.794871794871796,-0.5128205128205146
340,-11.794871794871796,0.512820512820511
341,-11.794871794871796,1.5384615384615365
342,-11.794871794871796,2.564102564102562
343,-11.794871794871796,3.5897435897435876
344,-11.794871794871796,4.615384615384613
345,-11.794871794871796,5.641025641025639
346,-11.794871794871796,6.666666666666664
347,-11.794871794871796,7.69230769230769
348,-11.794871794871796,8.717948717948715
349,-11.794871794871796,9.743589743589741
350,-11.794871794871796,10.769230769230766
351,-11.794871794871796,11.794871794871792
352,-11.794871794871796,12.820512820512818
353,-11.794871794871796,13.84615384615384
354,-11.794871794871796,14.871794871794869
355,-11.794871794871796,15.897435897435898
356,-11.794871794871796,16.92307692307692
357,-11.794871794871796,17.948717948717942
358,-11.794871794871796,18.97435897435897
359,-11.794871794871796,20.0
360,-10.76923076923077,-20.0
361,-10.76923076923077,-18.974358974358974
362,-10.76923076923077,-17.94871794871795
363,-10.76923076923077,-16.923076923076923
364,-10.76923076923077,-15.897435897435898
365,-10.76923076923077,-14.871794871794872
366,-10.76923076923077,-13.846153846153847
367,-10.76923076923077,-12.820512820512821
368,-10.76923076923077,-11.794871794871796
369,-10.76923076923077,-10.76923076923077
370,-10.76923076923077,-9.743589743589745
371,-10.76923076923077,-8.717948717948719
372,-10.76923076923077,-7.692307692307693
373,-10.76923076923077,-6.666666666666668
374,-10.76923076923077,-5.641025641025642
375,-10.76923076923077,-4.615384615384617
376,-10.76923076923077,-3.589743589743591
377,-10.76923076923077,-2.5641025641025657
378,-10.76923076923077,-1.53846153846154
379,-10.76923076923077,-0.5128205128205146
380,-10.76923076923077,0.512820512820511
381,-10.76923076923077,1.5384615384615365
382,-10.76923076923077,2.564102564102562
383,-10.76923076923077,3.5897435897435876
384,-10.76923076923077,4.615384615384613
385,-10.76923076923077,5.641025641025639
386,-10.76923076923077,6.666666666666664
387,-10.76923076923077,7.69230769230769
388,-10.76923076923077,8.717948717948715
389,-10.76923076923077,9.743589743589741
390,-10.76923076923077,10.769230769230766
391,-10.76923076923077,11.794871794871792
392,-10.76923076923077,12.820512820512818
393,-10.76923076923077,13.84615384615384
394,-10.76923076923077,14.871794871794869
395,-10.76923076923077,15.897435897435898
396,-10.76923076923077,16.92307692307692
397,-10.76923076923077,17.948717948717942
398,-10.76923076923077,18.97435897435897
399,-10.76923076923077,20.0
400,-9.743589743589745,-20.0
401,-9.743589743589745,-18.974358974358974
402,-9.743589743589745,-17.94871794871795
403,-9.743589743589745,-16.923076923076923
404,-9.743589743589745,-15.897435897435898
405,-9.743589743589745,-14.871794871794872
406,-9.743589743589745,-13.846153846153847
407,-9.743589743589745,-12.820512820512821
408,-9.743589743589745,-11.794871794871796
409,-9.743589743589745,-10.76923076923077
410,-9.743589743589745,-9.743589743589745
411,-9.743589743589745,-8.717948717948719
412,-9.743589743589745,-7.692307692307693
413,-9.743589743589745,-6.666666666666668
414,-9.743589743589745,-5.641025641025642
415,-9.743589743589745,-4.615384615384617
416,-9.743589743589745,-3.589743589743591
417,-9.743589743589745,-2.5641025641025657
418,-9.743589743589745,-1.53846153846154
419,-9.743589743589745,-0.5128205128205146
420,-9.743589743589745,0.512820512820511
421,-9.743589743589745,1.5384615384615365
422,-9.743589743589745,2.564102564102562
423,-9.743589743589745,3.5897435897435876
424,-9.743589743589745,4.615384615384613
425,-9.743589743589745,5.641025641025639
426,-9.743589743589745,6.666666666666664
427,-9.743589743589745,7.69230769230769
428,-9.743589743589745,8.717948717948715
429,-9.743589743589745,9.743589743589741
430,-9.743589743589745,10.769230769230766
431,-9.743589743589745,11.794871794871792
432,-9.743589743589745,12.820512820512818
433,-9.743589743589745,13.84615384615384
434,-9.743589743589745,14.871794871794869
435,-9.743589743589745,15.897435897435898
436,-9.743589743589745,16.92307692307692
437,-9.743589743589745,17.948717948717942
438,-9.743589743589745,18.97435897435897
439,-9.743589743589745,20.0
440,-8.717948717948719,-20.0
441,-8.717948717948719,-18.974358974358974
442,-8.717948717948719,-17.94871794871795
443,-8.717948717948719,-16.923076923076923
444,-8.717948717948719,-15.897435897435898
445,-8.717948717948719,-14.871794871794872
446,-8.717948717948719,-13.846153846153847
447,-8.717948717948719,-12.820512820512821
448,-8.717948717948719,-11.794871794871796
449,-8.717948717948719,-10.76923076923077
450,-8.717948717948719,-9.743589743589745
451,-8.717948717948719,-8.717948717948719
452,-8.717948717948719,-7.692307692307693
453,-8.717948717948719,-6.666666666666668
454,-8.717948717948719,-5.641025641025642
455,-8.717948717948719,-4.615384615384617
456,-8.717948717948719,-3.589743589743591
457,-8.717948717948719,-2.5641025641025657
458,-8.717948717948719,-1.53846153846154
459,-8.717948717948719,-0.5128205128205146
460,-8.717948717948719,0.512820512820511
461,-8.717948717948719,1.5384615384615365
462,-8.717948717948719,2.564102564102562
463,-8.717948717948719,3.5897435897435876
464,-8.717948717948719,4.615384615384613
465,-8.717948717948719,5.641025641025639
466,-8.717948717948719,6.666666666666664
467,-8.717948717948719,7.69230769230769
468,-8.717948717948719,8.717948717948715
469,-8.717948717948719,9.743589743589741
470,-8.717948717948719,10.769230769230766
471,-8.717948717948719,11.794871794871792
472,-8.717948717948719,12.820512820512818
473,-8.717948717948719,13.84615384615384
474,-8.717948717948719,14.871794871794869
475,-8.717948717948719,15.897435897435898
476,-8.717948717948719,16.92307692307692
477,-8.717948717948719,17.948717948717942
478,-8.717948717948719,18.97435897435897
479,-8.717948717948719,20.0
480,-7.692307692307693,-20.0
481,-7.692307692307693,-18.974358974358974
482,-7.692307692307693,-17.94871794871795
483,-7.692307692307693,-16.923076923076923
484,-7.692307692307693,-15.897435897435898
485,-7.692307692307693,-14.871794871794872
486,-7.692307692307693,-13.846153846153847
487,-7.692307692307693,-12.820512820512821
488,-7.692307692307693,-11.794871794871796
489,-7.692307692307693,-10.76923076923077
490,-7.692307692307693,-9.743589743589745
491,-7.692307692307693,-8.717948717948719
492,-7.692307692307693,-7.692307692307693
493,-7.692307692307693,-6.666666666666668
494,-7.692307692307693,-5.641025641025642
495,-7.692307692307693,-4.615384615384617
496,-7.692307692307693,-3.589743589743591
497,-7.692307692307693,-2.5641025641025657
498,-7.692307692307693,-1.53846153846154
499,-7.692307692307693,-0.5128205128205146
500,-7.692307692307693,0.512820512820511
501,-7.692307692307693,1.5384615384615365
502,-7.692307692307693,2.564102564102562
503,-7.692307692307693,3.5897435897435876
504,-7.692307692307693,4.615384615384613
505,-7.692307692307693,5.641025641025639
506,-7.692307692307693,6.666666666666664
507,-7.692307692307693,7.69230769230769
508,-7.692307692307693,8.717948717948715
509,-7.692307692307693,9.743589743589741
510,-7.692307692307693,10.769230769230766
511,-7.692307692307693,11.794871794871792
512,-7.692307692307693,12.820512820512818
513,-7.692307692307693,13.84615384615384
514,-7.692307692307693,14.871794871794869
515,-7.692307692307693,15.897435897435898
516,-7.692307692307693,16.92307692307692
517,-7.692307692307693,17.948717948717942
518,-7.692307692307693,18.97435897435897
519,-7.692307692307693,20.0
520,-6.666666666666668,-20.0
521,-6.666666666666668,-18.974358974358974
522,-6.666666666666668,-17.94871794871795
523,-6.666666666666668,-16.923076923076923
524,-6.666666666666668,-15.897435897435898
525,-6.666666666666668,-14.871794871794872
526,-6.666666666666668,-13.846153846153847
527,-6.666666666666668,-12.820512820512821
528,-6.666666666666668,-11.794871794871796
529,-6.666666666666668,-10.76923076923077
530,-6.666666666666668,-9.743589743589745
531,-6.666666666666668,-8.717948717948719
532,-6.666666666666668,-7.692307692307693
533,-6.666666666666668,-6.666666666666668
534,-6.666666666666668,-5.641025641025642
535,-6.666666666666668,-4.615384615384617
536,-6.666666666666668,-3.589743589743591
537,-6.666666666666668,-2.5641025641025657
538,-6.666666666666668,-1.53846153846154
539,-6.666666666666668,-0.5128205128205146
540,-6.666666666666668,0.512820512820511
541,-6.666666666666668,1.5384615384615365
542,-6.666666666666668,2.564102564102562
543,-6.666666666666668,3.5897435897435876
544,-6.666666666666668,4.615384615384613
545,-6.666666666666668,5.641025641025639
546,-6.666666666666668,6.666666666666664
547,-6.666666666666668,7.69230769230769
548,-6.666666666666668,8.717948717948715
549,-6.666666666666668,9.743589743589741
550,-6.666666666666668,10.769230769230766
551,-6.666666666666668,11.794871794871792
552,-6.666666666666668,12.820512820512818
553,-6.666666666666668,13.84615384615384
554,-6.666666666666668,14.871794871794869
555,-6.666666666666668,15.897435897435898
556,-6.666666666666668,16.92307692307692
557,-6.666666666666668,17.948717948717942
558,-6.666666666666668,18.97435897435897
559,-6.666666666666668,20.0
560,-5.641025641025642,-20.0
561,-5.641025641025642,-18.974358974358974
562,-5.641025641025642,-17.94871794871795
563,-5.641025641025642,-16.923076923076923
564,-5.641025641025642,-15.897435897435898
565,-5.641025641025642,-14.871794871794872
566,-5.641025641025642,-13.846153846153847
567,-5.641025641025642,-12.820512820512821
568,-5.641025641025642,-11.794871794871796
569,-5.641025641025642,-10.76923076923077
570,-5.641025641025642,-9.743589743589745
571,-5.641025641025642,-8.717948717948719
572,-5.641025641025642,-7.692307692307693
573,-5.641025641025642,-6.666666666666668
574,-5.641025641025642,-5.641025641025642
575,-5.641025641025642,-4.615384615384617
576,-5.641025641025642,-3.589743589743591
577,-5.641025641025642,-2.5641025641025657
578,-5.641025641025642,-1.53846153846154
579,-5.641025641025642,-0.5128205128205146
580,-5.641025641025642,0.512820512820511
581,-5.641025641025642,1.5384615384615365
582,-5.641025641025642,2.564102564102562
583,-5.641025641025642,3.5897435897435876
584,-5.641025641025642,4.615384615384613
585,-5.641025641025642,5.641025641025639
586,-5.641025641025642,6.666666666666664
587,-5.641025641025642,7.69230769230769
588,-5.641025641025642,8.717948717948715
589,-5.641025641025642,9.743589743589741
590,-5.641025641025642,10.769230769230766
591,-5.641025641025642,11.794871794871792
592,-5.641025641025642,12.820512820512818
593,-5.641025641025642,13.84615384615384
594,-5.641025641025642,14.871794871794869
595,-5.641025641025642,15.897435897435898
596,-5.641025641025642,16.92307692307692
597,-5.641025641025642,17.948717948717942
598,-5.641025641025642,18.97435897435897
599,-5.641025641025642,20.0
600,-4.615384615384617,-20.0
601,-4.615384615384617,-18.974358974358974
602,-4.615384615384617,-17.94871794871795
603,-4.615384615384617,-16.923076923076923
604,-4.615384615384617,-15.897435897435898
605,-4.615384615384617,-14.871794871794872
606,-4.615384615384617,-13.846153846153847
607,-4.615384615384617,-12.820512820512821
608,-4.615384615384617,-11.794871794871796
609,-4.615384615384617,-10.76923076923077
610,-4.615384615384617,-9.743589743589745
611,-4.615384615384617,-8.717948717948719
612,-4.615384615384617,-7.692307692307693
613,-4.615384615384617,-6.666666666666668
614,-4.615384615384617,-5.641025641025642
615,-4.615384615384617,-4.615384615384617
616,-4.615384615384617,-3.589743589743591
617,-4.615384615384617,-2.5641025641025657
618,-4.615384615384617,-1.53846153846154
619,-4.615384615384617,-0.5128205128205146
620,-4.615384615384617,0.512820512820511
621,-4.615384615384617,1.5384615384615365
622,-4.615384615384617,2.564102564102562
623,-4.615384615384617,3.5897435897435876
624,-4.615384615384617,4.615384615384613
625,-4.615384615384617,5.641025641025639
626,-4.615384615384617,6.666666666666664
627,-4.615384615384617,7.69230769230769
628,-4.615384615384617,8.717948717948715
629,-4.615384615384617,9.743589743589741
630,-4.615384615384617,10.769230769230766
631,-4.615384615384617,11.794871794871792
632,-4.615384615384617,12.820512820512818
633,-4.615384615384617,13.84615384615384
634,-4.615384615384617,14.871794871794869
635,-4.615384615384617,15.897435897435898
636,-4.615384615384617,16.92307692307692
637,-4.615384615384617,17.948717948717942
638,-4.615384615384617,18.97435897435897
639,-4.615384615384617,20.0
640,-3.589743589743591,-20.0
641,-3.589743589743591,-18.974358974358974
642,-3.589743589743591,-17.94871794871795
643,-3.589743589743591,-16.923076923076923
644,-3.589743589743591,-15.897435897435898
645,-3.589743589743591,-14.871794871794872
646,-3.589743589743591,-13.846153846153847
647,-3.589743589743591,-12.820512820512821
648,-3.589743589743591,-11.794871794871796
649,-3.589743589743591,-10.76923076923077
650,-3.589743589743591,-9.743589743589745
651,-3.589743589743591,-8.717948717948719
652,-3.589743589743591,-7.692307692307693
653,-3.589743589743591,-6.666666666666668
654,-3.589743589743591,-5.641025641025642
655,-3.589743589743591,-4.615384615384617
656,-3.589743589743591,-3.589743589743591
657,-3.589743589743591,-2.5641025641025657
658,-3.589743589743591,-1.53846153846154
659,-3.589743589743591,-0.5128205128205146
660,-3.589743589743591,0.512820512820511
661,-3.589743589743591,1.5384615384615365
662,-3.589743589743591,2.564102564102562
663,-3.589743589743591,3.5897435897435876
664,-3.589743589743591,4.615384615384613
665,-3.589743589743591,5.641025641025639
666,-3.589743589743591,6.666666666666664
667,-3.589743589743591,7.69230769230769
668,-3.589743589743591,8.717948717948715
669,-3.589743589743591,9.743589743589741
670,-3.589743589743591,10.769230769230766
671,-3.589743589743591,11.794871794871792
672,-3.589743589743591,12.820512820512818
673,-3.589743589743591,13.84615384615384
674,-3.589743589743591,14.871794871794869
675,-3.589743589743591,15.897435897435898
676,-3.589743589743591,16.92307692307692
677,-3.589743589743591,17.948717948717942
678,-3.589743589743591,18.97435897435897
679,-3.589743589743591,20.0
680,-2.5641025641025657,-20.0
681,-2.5641025641025657,-18.974358974358974
682,-2.5641025641025657,-17.94871794871795
683,-2.5641025641025657,-16.923076923076923
684,-2.5641025641025657,-15.897435897435898
685,-2.5641025641025657,-14.871794871794872
686,-2.5641025641025657,-13.846153846153847
687,-2.5641025641025657,-12.820512820512821
688,-2.5641025641025657,-11.794871794871796
689,-2.5641025641025657,-10.76923076923077
690,-2.5641025641025657,-9.743589743589745
691,-2.5641025641025657,-8.717948717948719
692,-2.5641025641025657,-7.692307692307693
693,-2.5641025641025657,-6.666666666666668
694,-2.5641025641025657,-5.641025641025642
695,-2.5641025641025657,-4.615384615384617
696,-2.5641025641025657,-3.589743589743591
697,-2.5641025641025657,-2.5641025641025657
698,-2.5641025641025657,-1.53846153846154
699,-2.5641025641025657,-0.5128205128205146
700,-2.5641025641025657,0.512820512820511
701,-2.5641025641025657,1.5384615384615365
702,-2.5641025641025657,2.564102564102562
703,-2.5641025641025657,3.5897435897435876
704,-2.5641025641025657,4.615384615384613
705,-2.5641025641025657,5.641025641025639
706,-2.5641025641025657,6.666666666666664
707,-2.5641025641025657,7.69230769230769
708,-2.5641025641025657,8.717948717948715
709,-2.5641025641025657,9.743589743589741
710,-2.5641025641025657,10.769230769230766
711,-2.5641025641025657,11.794871794871792
712,-2.5641025641025657,12.820512820512818
713,-2.5641025641025657,13.84615384615384
714,-2.5641025641025657,14.871794871794869
715,-2.5641025641025657,15.897435897435898
716,-2.5641025641025657,16.92307692307692
717,-2.5641025641025657,17.948717948717942
718,-2.5641025641025657,18.97435897435897
719,-2.5641025641025657,20.0
720,-1.53846153846154,-20.0
721,-1.53846153846154,-18.974358974358974
722,-1.53846153846154,-17.94871794871795
723,-1.53846153846154,-16.923076923076923
724,-1.53846153846154,-15.897435897435898
725,-1.53846153846154,-14.871794871794872
726,-1.53846153846154,-13.846153846153847
727,-1.53846153846154,-12.820512820512821
728,-1.53846153846154,-11.794871794871796
729,-1.53846153846154,-10.76923076923077
730,-1.53846153846154,-9.743589743589745
731,-1.53846153846154,-8.717948717948719
732,-1.53846153846154,-7.692307692307693
733,-1.53846153846154,-6.666666666666668
734,-1.53846153846154,-5.641025641025642
735,-1.53846153846154,-4.615384615384617
736,-1.53846153846154,-3.589743589743591
737,-1.53846153846154,-2.5641025641025657
738,-1.53846153846154,-1.53846153846154
739,-1.53846153846154,-0.5128205128205146
740,-1.53846153846154,0.512820512820511
741,-1.53846153846154,1.5384615384615365
742,-1.53846153846154,2.564102564102562
743,-1.53846153846154,3.5897435897435876
744,-1.53846153846154,4.615384615384613
745,-1.53846153846154,5.641025641025639
746,-1.53846153846154,6.666666666666664
747,-1.53846153846154,7.69230769230769
748,-1.53846153846154,8.717948717948715
749,-1.53846153846154,9.743589743589741
750,-1.53846153846154,10.769230769230766
751,-1.53846153846154,11.794871794871792
752,-1.53846153846154,12.820512820512818
753,-1.53846153846154,13.84615384615384
754,-1.53846153846154,14.871794871794869
755,-1.53846153846154,15.897435897435898
756,-1.53846153846154,16.92307692307692
757,-1.53846153846154,17.948717948717942
758,-1.53846153846154,18.97435897435897
759,-1.53846153846154,20.0
760,-0.5128205128205146,-20.0
761,-0.5128205128205146,-18.974358974358974
762,-0.5128205128205146,-17.94871794871795
763,-0.5128205128205146,-16.923076923076923
764,-0.5128205128205146,-15.897435897435898
765,-0.5128205128205146,-14.871794871794872
766,-0.5128205128205146,-13.846153846153847
767,-0.5128205128205146,-12.820512820512821
768,-0.5128205128205146,-11.794871794871796
769,-0.5128205128205146,-10.76923076923077
770,-0.5128205128205146,-9.743589743589745
771,-0.5128205128205146,-8.717948717948719
772,-0.5128205128205146,-7.692307692307693
773,-0.5128205128205146,-6.666666666666668
774,-0.5128205128205146,-5.641025641025642
775,-0.5128205128205146,-4.615384615384617
776,-0.5128205128205146,-3.589743589743591
777,-0.5128205128205146,-2.5641025641025657
778,-0.5128205128205146,-1.53846153846154
779,-0.5128205128205146,-0.5128205128205146
780,-0.5128205128205146,0.512820512820511
781,-0.5128205128205146,1.5384615384615365
782,-0.5128205128205146,2.564102564102562
783,-0.5128205128205146,3.5897435897435876
784,-0.5128205128205146,4.615384615384613
785,-0.5128205128205146,5.641025641025639
786,-0.5128205128205146,6.666666666666664
787,-0.5128205128205146,7.69230769230769
788,-0.5128205128205146,8.717948717948715
789,-0.5128205128205146,9.743589743589741
790,-0.5128205128205146,10.769230769230766
791,-0.5128205128205146,11.794871794871792
792,-0.5128205128205146,12.820512820512818
793,-0.5128205128205146,13.84615384615384
794,-0.5128205128205146,14.871794871794869
795,-0.5128205128205146,15.897435897435898
796,-0.5128205128205146,16.92307692307692
797,-0.5128205128205146,17.948717948717942
798,-0.5128205128205146,18.97435897435897
799,-0.5128205128205146,20.0
800,0.512820512820511,-20.0
801,0.512820512820511,-18.974358974358974
802,0.512820512820511,-17.94871794871795
803,0.512820512820511,-16.923076923076923
804,0.512820512820511,-15.897435897435898
805,0.512820512820511,-14.871794871794872
806,0.512820512820511,-13.846153846153847
807,0.512820512820511,-12.820512820512821
808,0.512820512820511,-11.794871794871796
809,0.512820512820511,-10.76923076923077
810,0.512820512820511,-9.743589743589745
811,0.512820512820511,-8.717948717948719
812,0.512820512820511,-7.692307692307693
813,0.512820512820511,-6.666666666666668
814,0.512820512820511,-5.641025641025642
815,0.512820512820511,-4.615384615384617
816,0.512820512820511,-3.589743589743591
817,0.512820512820511,-2.5641025641025657
818,0.512820512820511,-1.53846153846154
819,0.512820512820511,-0.5128205128205146
820,0.512820512820511,0.512820512820511
821,0.512820512820511,1.5384615384615365
822,0.512820512820511,2.564102564102562
823,0.512820512820511,3.5897435897435876
824,0.512820512820511,4.615384615384613
825,0.512820512820511,5.641025641025639
826,0.512820512820511,6.666666666666664
827,0.512820512820511,7.69230769230769
828,0.512820512820511,8.717948717948715
829,0.512820512820511,9.743589743589741
830,0.512820512820511,10.769230769230766
831,0.512820512820511,11.794871794871792
832,0.512820512820511,12.820512820512818
833,0.512820512820511,13.84615384615384
834,0.512820512820511,14.871794871794869
835,0.512820512820511,15.897435897435898
836,0.512820512820511,16.92307692307692
837,0.512820512820511,17.948717948717942
838,0.512820512820511,18.97435897435897
839,0.512820512820511,20.0
840,1.5384615384615365,-20.0
841,1.5384615384615365,-18.974358974358974
842,1.5384615384615365,-17.94871794871795
843,1.5384615384615365,-16.923076923076923
844,1.5384615384615365,-15.897435897435898
845,1.5384615384615365,-14.871794871794872
846,1.5384615384615365,-13.846153846153847
847,1.5384615384615365,-12.820512820512821
848,1.5384615384615365,-11.794871794871796
849,1.5384615384615365,-10.76923076923077
850,1.5384615384615365,-9.743589743589745
851,1.5384615384615365,-8.717948717948719
852,1.5384615384615365,-7.692307692307693
853,1.5384615384615365,-6.666666666666668
854,1.5384615384615365,-5.641025641025642
855,1.5384615384615365,-4.615384615384617
856,1.5384615384615365,-3.589743589743591
857,1.5384615384615365,-2.5641025641025657
858,1.5384615384615365,-1.53846153846154
859,1.5384615384615365,-0.5128205128205146
860,1.5384615384615365,0.512820512820511
861,1.5384615384615365,1.5384615384615365
862,1.5384615384615365,2.564102564102562
863,1.5384615384615365,3.5897435897435876
864,1.5384615384615365,4.615384615384613
865,1.5384615384615365,5.641025641025639
866,1.5384615384615365,6.666666666666664
867,1.5384615384615365,7.69230769230769
868,1.5384615384615365,8.717948717948715
869,1.5384615384615365,9.743589743589741
870,1.5384615384615365,10.769230769230766
871,1.5384615384615365,11.794871794871792
872,1.5384615384615365,12.820512820512818
873,1.5384615384615365,13.84615384615384
874,1.5384615384615365,14.871794871794869
875,1.5384615384615365,15.897435897435898
876,1.5384615384615365,16.92307692307692
877,1.5384615384615365,17.948717948717942
878,1.5384615384615365,18.97435897435897
879,1.5384615384615365,20.0
880,2.564102564102562,-20.0
881,2.564102564102562,-18.974358974358974
882,2.564102564102562,-17.94871794871795
883,2.564102564102562,-16.923076923076923
884,2.564102564102562,-15.897435897435898
885,2.564102564102562,-14.871794871794872
886,2.564102564102562,-13.846153846153847
887,2.564102564102562,-12.820512820512821
888,2.564102564102562,-11.794871794871796
889,2.564102564102562,-10.76923076923077
890,2.564102564102562,-9.743589743589745
891,2.564102564102562,-8.717948717948719
892,2.564102564102562,-7.692307692307693
893,2.564102564102562,-6.666666666666668
894,2.564102564102562,-5.641025641025642
895,2.564102564102562,-4.615384615384617
896,2.564102564102562,-3.589743589743591
897,2.564102564102562,-2.5641025641025657
898,2.564102564102562,-1.53846153846154
899,2.564102564102562,-0.5128205128205146
900,2.564102564102562,0.512820512820511
901,2.564102564102562,1.5384615384615365
902,2.564102564102562,2.564102564102562
903,2.564102564102562,3.5897435897435876
904,2.564102564102562,4.615384615384613
905,2.564102564102562,5.641025641025639
906,2.564102564102562,6.666666666666664
907,2.564102564102562,7.69230769230769
908,2.564102564102562,8.717948717948715
909,2.564102564102562,9.743589743589741
910,2.564102564102562,10.769230769230766
911,2.564102564102562,11.794871794871792
912,2.564102564102562,12.820512820512818
913,2.564102564102562,13.84615384615384
914,2.564102564102562,14.871794871794869
915,2.564102564102562,15.897435897435898
916,2.564102564102562,16.92307692307692
917,2.564102564102562,17.948717948717942
918,2.564102564102562,18.97435897435897
919,2.564102564102562,20.0
920,3.5897435897435876,-20.0
921,3.5897435897435876,-18.974358974358974
922,3.5897435897435876,-17.94871794871795
923,3.5897435897435876,-16.923076923076923
924,3.5897435897435876,-15.897435897435898
925,3.5897435897435876,-14.871794871794872
926,3.5897435897435876,-13.846153846153847
927,3.5897435897435876,-12.820512820512821
928,3.5897435897435876,-11.794871794871796
929,3.5897435897435876,-10.76923076923077
930,3.5897435897435876,-9.743589743589745
931,3.5897435897435876,-8.717948717948719
932,3.5897435897435876,-7.692307692307693
933,3.5897435897435876,-6.666666666666668
934,3.5897435897435876,-5.641025641025642
935,3.5897435897435876,-4.615384615384617
936,3.5897435897435876,-3.589743589743591
937,3.5897435897435876,-2.5641025641025657
938,3.5897435897435876,-1.53846153846154
939,3.5897435897435876,-0.5128205128205146
940,3.5897435897435876,0.512820512820511
941,3.5897435897435876,1.5384615384615365
942,3.5897435897435876,2.564102564102562
943,3.5897435897435876,3.5897435897435876
944,3.5897435897435876,4.615384615384613
945,3.5897435897435876,5.641025641025639
946,3.5897435897435876,6.666666666666664
947,3.5897435897435876,7.69230769230769
948,3.5897435897435876,8.717948717948715
949,3.5897435897435876,9.743589743589741
950,3.5897435897435876,10.769230769230766
951,3.5897435897435876,11.794871794871792
952,3.5897435897435876,12.820512820512818
953,3.5897435897435876,13.84615384615384
954,3.5897435897435876,14.871794871794869
955,3.5897435897435876,15.897435897435898
956,3.5897435897435876,16.92307692307692
957,3.5897435897435876,17.948717948717942
958,3.5897435897435876,18.97435897435897
959,3.5897435897435876,20.0
960,4.615384615384613,-20.0
961,4.615384615384613,-18.974358974358974
962,4.615384615384613,-17.94871794871795
963,4.615384615384613,-16.923076923076923
964,4.615384615384613,-15.897435897435898
965,4.615384615384613,-14.871794871794872
966,4.615384615384613,-13.846153846153847
967,4.615384615384613,-12.820512820512821
968,4.615384615384613,-11.794871794871796
969,4.615384615384613,-10.76923076923077
970,4.615384615384613,-9.743589743589745
971,4.615384615384613,-8.717948717948719
972,4.615384615384613,-7.692307692307693
973,4.615384615384613,-6.666666666666668
974,4.615384615384613,-5.641025641025642
975,4.615384615384613,-4.615384615384617
976,4.615384615384613,-3.589743589743591
977,4.615384615384613,-2.5641025641025657
978,4.615384615384613,-1.53846153846154
979,4.615384615384613,-0.5128205128205146
980,4.615384615384613,0.512820512820511
981,4.615384615384613,1.5384615384615365
982,4.615384615384613,2.564102564102562
983,4.615384615384613,3.5897435897435876
984,4.615384615384613,4.615384615384613
985,4.615384615384613,5.641025641025639
986,4.615384615384613,6.666666666666664
987,4.615384615384613,7.69230769230769
988,4.615384615384613,8.717948717948715
989,4.615384615384613,9.743589743589741
990,4.615384615384613,10.769230769230766
991,4.615384615384613,11.794871794871792
992,4.615384615384613,12.820512820512818
993,4.615384615384613,13.84615384615384
994,4.615384615384613,14.871794871794869
995,4.615384615384613,15.897435897435898
996,4.615384615384613,16.92307692307692
997,4.615384615384613,17.948717948717942
998,4.615384615384613,18.97435897435897
999,4.615384615384613,20.0
1000,5.641025641025639,-20.0
1001,5.641025641025639,-18.974358974358974
1002,5.641025641025639,-17.94871794871795
1003,5.641025641025639,-16.923076923076923
1004,5.641025641025639,-15.897435897435898
1005,5.641025641025639,-14.871794871794872
1006,5.641025641025639,-13.846153846153847
1007,5.641025641025639,-12.820512820512821
1008,5.641025641025639,-11.794871794871796
1009,5.641025641025639,-10.76923076923077
1010,5.641025641025639,-9.743589743589745
1011,5.641025641025639,-8.717948717948719
1012,5.641025641025639,-7.692307692307693
1013,5.641025641025639,-6.666666666666668
1014,5.641025641025639,-5.641025641025642
1015,5.641025641025639,-4.615384615384617
1016,5.641025641025639,-3.589743589743591
1017,5.641025641025639,-2.5641025641025657
1018,5.641025641025639,-1.53846153846154
1019,5.641025641025639,-0.5128205128205146
1020,5.641025641025639,0.512820512820511
1021,5.641025641025639,1.5384615384615365
1022,5.641025641025639,2.564102564102562
1023,5.641025641025639,3.5897435897435876
1024,5.641025641025639,4.615384615384613
1025,5.641025641025639,5.641025641025639
1026,5.641025641025639,6.666666666666664
1027,5.641025641025639,7.69230769230769
1028,5.641025641025639,8.717948717948715
1029,5.641025641025639,9.743589743589741
1030,5.641025641025639,10.769230769230766
1031,5.641025641025639,11.794871794871792
1032,5.641025641025639,12.820512820512818
1033,5.641025641025639,13.84615384615384
1034,5.641025641025639,14.871794871794869
1035,5.641025641025639,15.897435897435898
1036,5.641025641025639,16.92307692307692
1037,5.641025641025639,17.948717948717942
1038,5.641025641025639,18.97435897435897
1039,5.641025641025639,20.0
1040,6.666666666666664,-20.0
1041,6.666666666666664,-18.974358974358974
1042,6.666666666666664,-17.94871794871795
1043,6.666666666666664,-16.923076923076923
1044,6.666666666666664,-15.897435897435898
1045,6.666666666666664,-14.871794871794872
1046,6.666666666666664,-13.846153846153847
1047,6.666666666666664,-12.820512820512821
1048,6.666666666666664,-11.794871794871796
1049,6.666666666666664,-10.76923076923077
1050,6.666666666666664,-9.743589743589745
1051,6.666666666666664,-8.717948717948719
1052,6.666666666666664,-7.692307692307693
1053,6.666666666666664,-6.666666666666668
1054,6.666666666666664,-5.641025641025642
1055,6.666666666666664,-4.615384615384617
1056,6.666666666666664,-3.589743589743591
1057,6.666666666666664,-2.5641025641025657
1058,6.666666666666664,-1.53846153846154
1059,6.666666666666664,-0.5128205128205146
1060,6.666666666666664,0.512820512820511
1061,6.666666666666664,1.5384615384615365
1062,6.666666666666664,2.564102564102562
1063,6.666666666666664,3.5897435897435876
1064,6.666666666666664,4.615384615384613
1065,6.666666666666664,5.641025641025639
1066,6.666666666666664,6.666666666666664
1067,6.666666666666664,7.69230769230769
1068,6.666666666666664,8.717948717948715
1069,6.666666666666664,9.743589743589741
1070,6.666666666666664,10.769230769230766
1071,6.666666666666664,11.794871794871792
1072,6.666666666666664,12.820512820512818
1073,6.666666666666664,13.84615384615384
1074,6.666666666666664,14.871794871794869
1075,6.666666666666664,15.897435897435898
1076,6.666666666666664,16.92307692307692
1077,6.666666666666664,17.948717948717942
1078,6.666666666666664,18.97435897435897
1079,6.666666666666664,20.0
1080,7.69230769230769,-20.0
1081,7.69230769230769,-18.974358974358974
1082,7.69230769230769,-17.94871794871795
1083,7.69230769230769,-16.923076923076923
1084,7.69230769230769,-15.897435897435898
1085,7.69230769230769,-14.871794871794872
1086,7.69230769230769,-13.846153846153847
1087,7.69230769230769,-12.820512820512821
1088,7.69230769230769,-11.794871794871796
1089,7.69230769230769,-10.76923076923077
1090,7.69230769230769,-9.743589743589745
1091,7.69230769230769,-8.717948717948719
1092,7.69230769230769,-7.692307692307693
1093,7.69230769230769,-6.666666666666668
1094,7.69230769230769,-5.641025641025642
1095,7.69230769230769,-4.615384615384617
1096,7.69230769230769,-3.589743589743591
1097,7.69230769230769,-2.5641025641025657
1098,7.69230769230769,-1.53846153846154
1099,7.69230769230769,-0.5128205128205146
1100,7.69230769230769,0.512820512820511
1101,7.69230769230769,1.5384615384615365
1102,7.69230769230769,2.564102564102562
1103,7.69230769230769,3.5897435897435876
1104,7.69230769230769,4.615384615384613
1105,7.69230769230769,5.641025641025639
1106,7.69230769230769,6.666666666666664
1107,7.69230769230769,7.69230769230769
1108,7.69230769230769,8.717948717948715
1109,7.69230769230769,9.743589743589741
1110,7.69230769230769,10.769230769230766
1111,7.69230769230769,11.794871794871792
1112,7.69230769230769,12.820512820512818
1113,7.69230769230769,13.84615384615384
1114,7.69230769230769,14.871794871794869
1115,7.69230769230769,15.897435897435898
1116,7.69230769230769,16.92307692307692
1117,7.69230769230769,17.948717948717942
1118,7.69230769230769,18.97435897435897
1119,7.69230769230769,20.0
1120,8.717948717948715,-20.0
1121,8.717948717948715,-18.974358974358974
1122,8.717948717948715,-17.94871794871795
1123,8.717948717948715,-16.923076923076923
1124,8.717948717948715,-15.897435897435898
1125,8.717948717948715,-14.871794871794872
1126,8.717948717948715,-13.846153846153847
1127,8.717948717948715,-12.820512820512821
1128,8.717948717948715,-11.794871794871796
1129,8.717948717948715,-10.76923076923077
1130,8.717948717948715,-9.743589743589745
1131,8.717948717948715,-8.717948717948719
1132,8.717948717948715,-7.692307692307693
1133,8.717948717948715,-6.666666666666668
1134,8.717948717948715,-5.641025641025642
1135,8.717948717948715,-4.615384615384617
1136,8.717948717948715,-3.589743589743591
1137,8.717948717948715,-2.5641025641025657
1138,8.717948717948715,-1.53846153846154
1139,8.717948717948715,-0.5128205128205146
1140,8.717948717948715,0.512820512820511
1141,8.717948717948715,1.5384615384615365
1142,8.717948717948715,2.564102564102562
1143,8.717948717948715,3.5897435897435876
1144,8.717948717948715,4.615384615384613
1145,8.717948717948715,5.641025641025639
1146,8.717948717948715,6.666666666666664
1147,8.717948717948715,7.69230769230769
1148,8.717948717948715,8.717948717948715
1149,8.717948717948715,9.743589743589741
1150,8.717948717948715,10.769230769230766
1151,8.717948717948715,11.794871794871792
1152,8.717948717948715,12.820512820512818
1153,8.717948717948715,13.84615384615384
1154,8.717948717948715,14.871794871794869
1155,8.717948717948715,15.897435897435898
1156,8.717948717948715,16.92307692307692
1157,8.717948717948715,17.948717948717942
1158,8.717948717948715,18.97435897435897
1159,8.717948717948715,20.0
1160,9.743589743589741,-20.0
1161,9.743589743589741,-18.974358974358974
1162,9.743589743589741,-17.94871794871795
1163,9.743589743589741,-16.923076923076923
1164,9.743589743589741,-15.897435897435898
1165,9.743589743589741,-14.871794871794872
1166,9.743589743589741,-13.846153846153847
1167,9.743589743589741,-12.820512820512821
1168,9.743589743589741,-11.794871794871796
1169,9.743589743589741,-10.76923076923077
1170,9.743589743589741,-9.743589743589745
1171,9.743589743589741,-8.717948717948719
1172,9.743589743589741,-7.692307692307693
1173,9.743589743589741,-6.666666666666668
1174,9.743589743589741,-5.641025641025642
1175,9.743589743589741,-4.615384615384617
1176,9.743589743589741,-3.589743589743591
1177,9.743589743589741,-2.5641025641025657
1178,9.743589743589741,-1.53846153846154
1179,9.743589743589741,-0.5128205128205146
1180,9.743589743589741,0.512820512820511
1181,9.743589743589741,1.5384615384615365
1182,9.743589743589741,2.564102564102562
1183,9.743589743589741,3.5897435897435876
1184,9.743589743589741,4.615384615384613
1185,9.743589743589741,5.641025641025639
1186,9.743589743589741,6.666666666666664
1187,9.743589743589741,7.69230769230769
1188,9.743589743589741,8.717948717948715
1189,9.743589743589741,9.743589743589741
1190,9.743589743589741,10.769230769230766
1191,9.743589743589741,11.794871794871792
1192,9.743589743589741,12.820512820512818
1193,9.743589743589741,13.84615384615384
1194,9.743589743589741,14.871794871794869
1195,9.743589743589741,15.897435897435898
1196,9.743589743589741,16.92307692307692
1197,9.743589743589741,17.948717948717942
1198,9.743589743589741,18.97435897435897
1199,9.743589743589741,20.0
1200,10.769230769230766,-20.0
1201,10.769230769230766,-18.974358974358974
1202,10.769230769230766,-17.94871794871795
1203,10.769230769230766,-16.923076923076923
1204,10.769230769230766,-15.897435897435898
1205,10.769230769230766,-14.871794871794872
1206,10.769230769230766,-13.846153846153847
1207,10.769230769230766,-12.820512820512821
1208,10.769230769230766,-11.794871794871796
1209,10.769230769230766,-10.76923076923077
1210,10.769230769230766,-9.743589743589745
1211,10.769230769230766,-8.717948717948719
1212,10.769230769230766,-7.692307692307693
1213,10.769230769230766,-6.666666666666668
1214,10.769230769230766,-5.641025641025642
1215,10.769230769230766,-4.615384615384617
1216,10.769230769230766,-3.589743589743591
1217,10.769230769230766,-2.5641025641025657
1218,10.769230769230766,-1.53846153846154
1219,10.769230769230766,-0.5128205128205146
1220,10.769230769230766,0.512820512820511
1221,10.769230769230766,1.5384615384615365
1222,10.769230769230766,2.564102564102562
1223,10.769230769230766,3.5897435897435876
1224,10.769230769230766,4.615384615384613
1225,10.769230769230766,5.641025641025639
1226,10.769230769230766,6.666666666666664
1227,10.769230769230766,7.69230769230769
1228,10.769230769230766,8.717948717948715
1229,10.769230769230766,9.743589743589741
1230,10.769230769230766,10.769230769230766
1231,10.769230769230766,11.794871794871792
1232,10.769230769230766,12.820512820512818
1233,10.769230769230766,13.84615384615384
1234,10.769230769230766,14.871794871794869
1235,10.769230769230766,15.897435897435898
1236,10.769230769230766,16.92307692307692
1237,10.769230769230766,17.948717948717942
1238,10.769230769230766,18.97435897435897
1239,10.769230769230766,20.0
1240,11.794871794871792,-20.0
1241,11.794871794871792,-18.974358974358974
1242,11.794871794871792,-17.94871794871795
1243,11.794871794871792,-16.923076923076923
1244,11.794871794871792,-15.897435897435898
1245,11.794871794871792,-14.871794871794872
1246,11.794871794871792,-13.846153846153847
1247,11.794871794871792,-12.820512820512821
1248,11.794871794871792,-11.794871794871796
1249,11.794871794871792,-10.76923076923077
1250,11.794871794871792,-9.743589743589745
1251,11.794871794871792,-8.717948717948719
1252,11.794871794871792,-7.692307692307693
1253,11.794871794871792,-6.666666666666668
1254,11.794871794871792,-5.641025641025642
1255,11.794871794871792,-4.615384615384617
1256,11.794871794871792,-3.589743589743591
1257,11.794871794871792,-2.5641025641025657
1258,11.794871794871792,-1.53846153846154
1259,11.794871794871792,-0.5128205128205146
1260,11.794871794871792,0.512820512820511
1261,11.794871794871792,1.5384615384615365
1262,11.794871794871792,2.564102564102562
1263,11.794871794871792,3.5897435897435876
1264,11.794871794871792,4.615384615384613
1265,11.794871794871792,5.641025641025639
1266,11.794871794871792,6.666666666666664
1267,11.794871794871792,7.69230769230769
1268,11.794871794871792,8.717948717948715
1269,11.794871794871792,9.743589743589741
1270,11.794871794871792,10.769230769230766
1271,11.794871794871792,11.794871794871792
1272,11.794871794871792,12.820512820512818
1273,11.794871794871792,13.84615384615384
1274,11.794871794871792,14.871794871794869
1275,11.794871794871792,15.897435897435898
1276,11.794871794871792,16.92307692307692
1277,11.794871794871792,17.948717948717942
1278,11.794871794871792,18.97435897435897
1279,11.794871794871792,20.0
1280,12.820512820512818,-20.0
1281,12.820512820512818,-18.974358974358974
1282,12.820512820512818,-17.94871794871795
1283,12.820512820512818,-16.923076923076923
1284,12.820512820512818,-15.897435897435898
1285,12.820512820512818,-14.871794871794872
1286,12.820512820512818,-13.846153846153847
1287,12.820512820512818,-12.820512820512821
1288,12.820512820512818,-11.794871794871796
1289,12.820512820512818,-10.76923076923077
1290,12.820512820512818,-9.743589743589745
1291,12.820512820512818,-8.717948717948719
1292,12.820512820512818,-7.692307692307693
1293,12.820512820512818,-6.666666666666668
1294,12.820512820512818,-5.641025641025642
1295,12.820512820512818,-4.615384615384617
1296,12.820512820512818,-3.589743589743591
1297,12.820512820512818,-2.5641025641025657
1298,12.820512820512818,-1.53846153846154
1299,12.820512820512818,-0.5128205128205146
1300,12.820512820512818,0.512820512820511
1301,12.820512820512818,1.5384615384615365
1302,12.820512820512818,2.564102564102562
1303,12.820512820512818,3.5897435897435876
1304,12.820512820512818,4.615384615384613
1305,12.820512820512818,5.641025641025639
1306,12.820512820512818,6.666666666666664
1307,12.820512820512818,7.69230769230769
1308,12.820512820512818,8.717948717948715
1309,12.820512820512818,9.743589743589741
1310,12.820512820512818,10.769230769230766
1311,12.820512820512818,11.794871794871792
1312,12.820512820512818,12.820512820512818
1313,12.820512820512818,13.84615384615384
1314,12.820512820512818,14.871794871794869
1315,12.820512820512818,15.897435897435898
1316,12.820512820512818,16.92307692307692
1317,12.820512820512818,17.948717948717942
1318,12.820512820512818,18.97435897435897
1319,12.820512820512818,20.0
1320,13.84615384615384,-20.0
1321,13.84615384615384,-18.974358974358974
1322,13.84615384615384,-17.94871794871795
1323,13.84615384615384,-16.923076923076923
1324,13.84615384615384,-15.897435897435898
1325,13.84615384615384,-14.871794871794872
1326,13.84615384615384,-13.846153846153847
1327,13.84615384615384,-12.820512820512821
1328,13.84615384615384,-11.794871794871796
1329,13.84615384615384,-10.76923076923077
1330,13.84615384615384,-9.743589743589745
1331,13.84615384615384,-8.717948717948719
1332,13.84615384615384,-7.692307692307693
1333,13.84615384615384,-6.666666666666668
1334,13.84615384615384,-5.641025641025642
1335,13.84615384615384,-4.615384615384617
1336,13.84615384615384,-3.589743589743591
1337,13.84615384615384,-2.5641025641025657
1338,13.84615384615384,-1.53846153846154
1339,13.84615384615384,-0.5128205128205146
1340,13.84615384615384,0.512820512820511
1341,13.84615384615384,1.5384615384615365
1342,13.84615384615384,2.564102564102562
1343,13.84615384615384,3.5897435897435876
1344,13.84615384615384,4.615384615384613
1345,13.84615384615384,5.641025641025639
1346,13.84615384615384,6.666666666666664
1347,13.84615384615384,7.69230769230769
1348,13.84615384615384,8.717948717948715
1349,13.84615384615384,9.743589743589741
1350,13.84615384615384,10.769230769230766
1351,13.84615384615384,11.794871794871792
1352,13.84615384615384,12.820512820512818
1353,13.84615384615384,13.84615384615384
1354,13.84615384615384,14.871794871794869
1355,13.84615384615384,15.897435897435898
1356,13.84615384615384,16.92307692307692
1357,13.84615384615384,17.948717948717942
1358,13.84615384615384,18.97435897435897
1359,13.84615384615384,20.0
1360,14.871794871794869,-20.0
1361,14.871794871794869,-18.974358974358974
1362,14.871794871794869,-17.94871794871795
1363,14.871794871794869,-16.923076923076923
1364,14.871794871794869,-15.897435897435898
1365,14.871794871794869,-14.871794871794872
1366,14.871794871794869,-13.846153846153847
1367,14.871794871794869,-12.820512820512821
1368,14.871794871794869,-11.794871794871796
1369,14.871794871794869,-10.76923076923077
1370,14.871794871794869,-9.743589743589745
1371,14.871794871794869,-8.717948717948719
1372,14.871794871794869,-7.692307692307693
1373,14.871794871794869,-6.666666666666668
1374,14.871794871794869,-5.641025641025642
1375,14.871794871794869,-4.615384615384617
1376,14.871794871794869,-3.589743589743591
1377,14.871794871794869,-2.5641025641025657
1378,14.871794871794869,-1.53846153846154
1379,14.871794871794869,-0.5128205128205146
1380,14.871794871794869,0.512820512820511
1381,14.871794871794869,1.5384615384615365
1382,14.871794871794869,2.564102564102562
1383,14.871794871794869,3.5897435897435876
1384,14.871794871794869,4.615384615384613
1385,14.871794871794869,5.641025641025639
1386,14.871794871794869,6.666666666666664
1387,14.871794871794869,7.69230769230769
1388,14.871794871794869,8.717948717948715
1389,14.871794871794869,9.743589743589741
1390,14.871794871794869,10.769230769230766
1391,14.871794871794869,11.794871794871792
1392,14.871794871794869,12.820512820512818
1393,14.871794871794869,13.84615384615384
1394,14.871794871794869,14.871794871794869
1395,14.871794871794869,15.897435897435898
1396,14.871794871794869,16.92307692307692
1397,14.871794871794869,17.948717948717942
1398,14.871794871794869,18.97435897435897
1399,14.871794871794869,20.0
1400,15.897435897435898,-20.0
1401,15.897435897435898,-18.974358974358974
1402,15.897435897435898,-17.94871794871795
1403,15.897435897435898,-16.923076923076923
1404,15.897435897435898,-15.897435897435898
1405,15.897435897435898,-14.871794871794872
1406,15.897435897435898,-13.846153846153847
1407,15.897435897435898,-12.820512820512821
1408,15.897435897435898,-11.794871794871796
1409,15.897435897435898,-10.76923076923077
1410,15.897435897435898,-9.743589743589745
1411,15.897435897435898,-8.717948717948719
1412,15.897435897435898,-7.692307692307693
1413,15.897435897435898,-6.666666666666668
1414,15.897435897435898,-5.641025641025642
1415,15.897435897435898,-4.615384615384617
1416,15.897435897435898,-3.589743589743591
1417,15.897435897435898,-2.5641025641025657
1418,15.897435897435898,-1.53846153846154
1419,15.897435897435898,-0.5128205128205146
1420,15.897435897435898,0.512820512820511
1421,15.897435897435898,1.5384615384615365
1422,15.897435897435898,2.564102564102562
1423,15.897435897435898,3.5897435897435876
1424,15.897435897435898,4.615384615384613
1425,15.897435897435898,5.641025641025639
1426,15.897435897435898,6.666666666666664
1427,15.897435897435898,7.69230769230769
1428,15.897435897435898,8.717948717948715
1429,15.897435897435898,9.743589743589741
1430,15.897435897435898,10.769230769230766
1431,15.897435897435898,11.794871794871792
1432,15.897435897435898,12.820512820512818
1433,15.897435897435898,13.84615384615384
1434,15.897435897435898,14.871794871794869
1435,15.897435897435898,15.897435897435898
1436,15.897435897435898,16.92307692307692
1437,15.897435897435898,17.948717948717942
1438,15.897435897435898,18.97435897435897
1439,15.897435897435898,20.0
1440,16.92307692307692,-20.0
1441,16.92307692307692,-18.974358974358974
1442,16.92307692307692,-17.94871794871795
1443,16.92307692307692,-16.923076923076923
1444,16.92307692307692,-15.897435897435898
1445,16.92307692307692,-14.871794871794872
1446,16.92307692307692,-13.846153846153847
1447,16.92307692307692,-12.820512820512821
1448,16.92307692307692,-11.794871794871796
1449,16.92307692307692,-10.76923076923077
1450,16.92307692307692,-9.743589743589745
1451,16.92307692307692,-8.717948717948719
1452,16.92307692307692,-7.692307692307693
1453,16.92307692307692,-6.666666666666668
1454,16.92307692307692,-5.641025641025642
1455,16.92307692307692,-4.615384615384617
1456,16.92307692307692,-3.589743589743591
1457,16.92307692307692,-2.5641025641025657
1458,16.92307692307692,-1.53846153846154
1459,16.92307692307692,-0.5128205128205146
1460,16.92307692307692,0.512820512820511
1461,16.92307692307692,1.5384615384615365
1462,16.92307692307692,2.564102564102562
1463,16.92307692307692,3.5897435897435876
1464,16.92307692307692,4.615384615384613
1465,16.92307692307692,5.641025641025639
1466,16.92307692307692,6.666666666666664
1467,16.92307692307692,7.69230769230769
1468,16.92307692307692,8.717948717948715
1469,16.92307692307692,9.743589743589741
1470,16.92307692307692,10.769230769230766
1471,16.92307692307692,11.794871794871792
1472,16.92307692307692,12.820512820512818
1473,16.92307692307692,13.84615384615384
1474,16.92307692307692,14.871794871794869
1475,16.92307692307692,15.897435897435898
1476,16.92307692307692,16.92307692307692
1477,16.92307692307692,17.948717948717942
1478,16.92307692307692,18.97435897435897
1479,16.92307692307692,20.0
1480,17.948717948717942,-20.0
1481,17.948717948717942,-18.974358974358974
1482,17.948717948717942,-17.94871794871795
1483,17.948717948717942,-16.923076923076923
1484,17.948717948717942,-15.897435897435898
1485,17.948717948717942,-14.871794871794872
1486,17.948717948717942,-13.846153846153847
1487,17.948717948717942,-12.820512820512821
1488,17.948717948717942,-11.794871794871796
1489,17.948717948717942,-10.76923076923077
1490,17.948717948717942,-9.743589743589745
1491,17.948717948717942,-8.717948717948719
1492,17.948717948717942,-7.692307692307693
1493,17.948717948717942,-6.666666666666668
1494,17.948717948717942,-5.641025641025642
1495,17.948717948717942,-4.615384615384617
1496,17.948717948717942,-3.589743589743591
1497,17.948717948717942,-2.5641025641025657
1498,17.948717948717942,-1.53846153846154
1499,17.948717948717942,-0.5128205128205146
1500,17.948717948717942,0.512820512820511
1501,17.948717948717942,1.5384615384615365
1502,17.948717948717942,2.564102564102562
1503,17.948717948717942,3.5897435897435876
1504,17.948717948717942,4.615384615384613
1505,17.948717948717942,5.641025641025639
1506,17.948717948717942,6.666666666666664
1507,17.948717948717942,7.69230769230769
1508,17.948717948717942,8.717948717948715
1509,17.948717948717942,9.743589743589741
1510,17.948717948717942,10.769230769230766
1511,17.948717948717942,11.794871794871792
1512,17.948717948717942,12.820512820512818
1513,17.948717948717942,13.84615384615384
1514,17.948717948717942,14.871794871794869
1515,17.948717948717942,15.897435897435898
1516,17.948717948717942,16.92307692307692
1517,17.948717948717942,17.948717948717942
1518,17.948717948717942,18.97435897435897
1519,17.948717948717942,20.0
1520,18.97435897435897,-20.0
1521,18.97435897435897,-18.974358974358974
1522,18.97435897435897,-17.94871794871795
1523,18.97435897435897,-16.923076923076923
1524,18.97435897435897,-15.897435897435898
1525,18.97435897435897,-14.871794871794872
1526,18.97435897435897,-13.846153846153847
1527,18.97435897435897,-12.820512820512821
1528,18.97435897435897,-11.794871794871796
1529,18.97435897435897,-10.76923076923077
1530,18.97435897435897,-9.743589743589745
1531,18.97435897435897,-8.717948717948719
1532,18.97435897435897,-7.692307692307693
1533,18.97435897435897,-6.666666666666668
1534,18.97435897435897,-5.641025641025642
1535,18.97435897435897,-4.615384615384617
1536,18.97435897435897,-3.589743589743591
1537,18.97435897435897,-2.5641025641025657
1538,18.97435897435897,-1.53846153846154
1539,18.97435897435897,-0.5128205128205146
1540,18.97435897435897,0.512820512820511
1541,18.97435897435897,1.5384615384615365
1542,18.97435897435897,2.564102564102562
1543,18.97435897435897,3.5897435897435876
1544,18.97435897435897,4.615384615384613
1545,18.97435897435897,5.641025641025639
1546,18.97435897435897,6.666666666666664
1547,18.97435897435897,7.69230769230769
1548,18.97435897435897,8.717948717948715
1549,18.97435897435897,9.743589743589741
1550,18.97435897435897,10.769230769230766
1551,18.97435897435897,11.794871794871792
1552,18.97435897435897,12.820512820512818
1553,18.97435897435897,13.84615384615384
1554,18.97435897435897,14.871794871794869
1555,18.97435897435897,15.897435897435898
1556,18.97435897435897,16.92307692307692
1557,18.97435897435897,17.948717948717942
1558,18.97435897435897,18.97435897435897
1559,18.97435897435897,20.0
1560,20.0,-20.0
1561,20.0,-18.974358974358974
1562,20.0,-17.94871794871795
1563,20.0,-16.923076923076923
1564,20.0,-15.897435897435898
1565,20.0,-14.871794871794872
1566,20.0,-13.846153846153847
1567,20.0,-12.820512820512821
1568,20.0,-11.794871794871796
1569,20.0,-10.76923076923077
1570,20.0,-9.743589743589745
1571,20.0,-8.717948717948719
1572,20.0,-7.692307692307693
1573,20.0,-6.666666666666668
1574,20.0,-5.641025641025642
1575,20.0,-4.615384615384617
1576,20.0,-3.589743589743591
1577,20.0,-2.5641025641025657
1578,20.0,-1.53846153846154
1579,20.0,-0.5128205128205146
1580,20.0,0.512820512820511
1581,20.0,1.5384615384615365
1582,20.0,2.564102564102562
1583,20.0,3.5897435897435876
1584,20.0,4.615384615384613
1585,20.0,5.641025641025639
1586,20.0,6.666666666666664
1587,20.0,7.69230769230769
1588,20.0,8.717948717948715
1589,20.0,9.743589743589741
1590,20.0,10.769230769230766
1591,20.0,11.794871794871792
1592,20.0,12.820512820512818
1593,20.0,13.84615384615384
1594,20.0,14.871794871794869
1595,20.0,15.897435897435898
1596,20.0,16.92307692307692
1597,20.0,17.948717948717942
1598,20.0,18.97435897435897
1599,20.0,20.0
